Filename,Time (ps),LJ Energy (kJ/mol)
dhdl_modified_28.xvg,0.000000,2826348515267969024.000000
dhdl_modified_29.xvg,0.000000,1881680972592709632.000000
dhdl_modified_30.xvg,0.000000,1269582711970856960.000000
dhdl_modified_31.xvg,0.000000,867362391954817024.000000
dhdl_modified_32.xvg,0.000000,599559567457648640.000000
dhdl_modified_33.xvg,0.000000,419036766247321600.000000
dhdl_modified_34.xvg,0.000000,295925961113731072.000000
dhdl_modified_35.xvg,0.000000,211042100081328128.000000
dhdl_modified_36.xvg,0.000000,151907942377979904.000000
dhdl_modified_37.xvg,0.000000,110305635018473472.000000
dhdl_modified_38.xvg,0.000000,80765296633184256.000000
dhdl_modified_39.xvg,0.000000,59604645600821248.000000
dhdl_modified_40.xvg,0.000000,44319372390432768.000000
dhdl_modified_41.xvg,0.000000,33190077039378432.000000
dhdl_modified_42.xvg,0.000000,25025204623245312.000000
dhdl_modified_43.xvg,0.000000,18991930918567936.000000
dhdl_modified_44.xvg,0.000000,14502758086344704.000000
dhdl_modified_45.xvg,0.000000,11140554607820800.000000
dhdl_modified_46.xvg,0.000000,8606475047927808.000000
dhdl_modified_47.xvg,0.000000,6685050561101824.000000
dhdl_modified_48.xvg,0.000000,5219711335792640.000000
dhdl_modified_49.xvg,0.000000,4095996761997312.000000
dhdl_modified_50.xvg,0.000000,3229672062058496.000000
dhdl_modified_51.xvg,0.000000,2558354178179072.000000
dhdl_modified_52.xvg,0.000000,2035588609867776.000000
dhdl_modified_53.xvg,0.000000,1626577666310144.000000
dhdl_modified_54.xvg,0.000000,1305111309582336.000000
dhdl_modified_55.xvg,0.000000,1051340146999296.000000
dhdl_modified_56.xvg,0.000000,850160590520320.000000
dhdl_modified_57.xvg,0.000000,690022667780096.000000
dhdl_modified_58.xvg,0.000000,562050862415872.000000
dhdl_modified_59.xvg,0.000000,459394131165184.000000
dhdl_modified_60.xvg,0.000000,376739901472768.000000
dhdl_modified_61.xvg,0.000000,309956280582144.000000
dhdl_modified_62.xvg,0.000000,255807513952256.000000
dhdl_modified_63.xvg,0.000000,211758060929024.000000
dhdl_modified_64.xvg,0.000000,175808194805760.000000
dhdl_modified_65.xvg,0.000000,146377048850432.000000
dhdl_modified_66.xvg,0.000000,122208932331520.000000
dhdl_modified_67.xvg,0.000000,102304074170368.000000
dhdl_modified_68.xvg,0.000000,85863895662592.000000
dhdl_modified_69.xvg,0.000000,72247649763328.000000
dhdl_modified_70.xvg,0.000000,60939613241344.000000
dhdl_modified_71.xvg,0.000000,51523983769600.000000
dhdl_modified_72.xvg,0.000000,43664256532480.000000
dhdl_modified_73.xvg,0.000000,37086841274368.000000
dhdl_modified_74.xvg,0.000000,31569311956992.000000
dhdl_modified_75.xvg,0.000000,26930036342784.000000
dhdl_modified_76.xvg,0.000000,23020286509056.000000
dhdl_modified_77.xvg,0.000000,19718085804032.000000
dhdl_modified_78.xvg,0.000000,16922870546432.000000
dhdl_modified_79.xvg,0.000000,14551894458368.000000
dhdl_modified_80.xvg,0.000000,12536602689536.000000
dhdl_modified_81.xvg,0.000000,10820170809344.000000
dhdl_modified_82.xvg,0.000000,9355408703488.000000
dhdl_modified_83.xvg,0.000000,8103049822208.000000
dhdl_modified_84.xvg,0.000000,7030278979584.000000
dhdl_modified_85.xvg,0.000000,6109680107520.000000
dhdl_modified_86.xvg,0.000000,5318242729984.000000
dhdl_modified_87.xvg,0.000000,4636693495808.000000
dhdl_modified_88.xvg,0.000000,4048739368960.000000
dhdl_modified_89.xvg,0.000000,3540706394112.000000
dhdl_modified_90.xvg,0.000000,3101009117184.000000
dhdl_modified_91.xvg,0.000000,2719856984064.000000
dhdl_modified_92.xvg,0.000000,2388932952064.000000
dhdl_modified_93.xvg,0.000000,2101188755456.000000
dhdl_modified_94.xvg,0.000000,1850618675200.000000
dhdl_modified_95.xvg,0.000000,1632093077504.000000
dhdl_modified_96.xvg,0.000000,1441248313344.000000
dhdl_modified_97.xvg,0.000000,1274343981056.000000
dhdl_modified_98.xvg,0.000000,1128176025600.000000
dhdl_modified_99.xvg,0.000000,999998226432.000000
dhdl_modified_100.xvg,0.000000,887446503424.000000
dhdl_modified_101.xvg,0.000000,788491272192.000000
dhdl_modified_102.xvg,0.000000,701379313664.000000
dhdl_modified_103.xvg,0.000000,624597401600.000000
dhdl_modified_104.xvg,0.000000,556836782080.000000
dhdl_modified_105.xvg,0.000000,496968368128.000000
dhdl_modified_106.xvg,0.000000,444011511808.000000
dhdl_modified_107.xvg,0.000000,397113065472.000000
dhdl_modified_108.xvg,0.000000,355533979648.000000
dhdl_modified_109.xvg,0.000000,318630690816.000000
dhdl_modified_110.xvg,0.000000,285840343040.000000
dhdl_modified_111.xvg,0.000000,256674627584.000000
dhdl_modified_112.xvg,0.000000,230705512448.000000
dhdl_modified_113.xvg,0.000000,207558705152.000000
dhdl_modified_114.xvg,0.000000,186906935296.000000
dhdl_modified_115.xvg,0.000000,168462352384.000000
dhdl_modified_116.xvg,0.000000,151973904384.000000
dhdl_modified_117.xvg,0.000000,137219088384.000000
dhdl_modified_118.xvg,0.000000,124003835904.000000
dhdl_modified_119.xvg,0.000000,112156442624.000000
dhdl_modified_120.xvg,0.000000,101525217280.000000
dhdl_modified_121.xvg,0.000000,91977220096.000000
dhdl_modified_122.xvg,0.000000,83394428928.000000
dhdl_modified_123.xvg,0.000000,75672535040.000000
dhdl_modified_124.xvg,0.000000,68719214592.000000
dhdl_modified_125.xvg,0.000000,62452846592.000000
dhdl_modified_126.xvg,0.000000,56800600064.000000
dhdl_modified_127.xvg,0.000000,51698597888.000000
dhdl_modified_128.xvg,0.000000,47089209344.000000
dhdl_modified_129.xvg,0.000000,42921783296.000000
dhdl_modified_130.xvg,0.000000,39150927872.000000
dhdl_modified_131.xvg,0.000000,35736346624.000000
dhdl_modified_132.xvg,0.000000,32642080768.000000
dhdl_modified_133.xvg,0.000000,29835933696.000000
dhdl_modified_134.xvg,0.000000,27289300992.000000
dhdl_modified_135.xvg,0.000000,24976379904.000000
dhdl_modified_136.xvg,0.000000,22874421248.000000
dhdl_modified_137.xvg,0.000000,20962695168.000000
dhdl_modified_138.xvg,0.000000,19222906880.000000
dhdl_modified_139.xvg,0.000000,17638471680.000000
dhdl_modified_140.xvg,0.000000,16194470912.000000
dhdl_modified_141.xvg,0.000000,14877729792.000000
dhdl_modified_142.xvg,0.000000,13676141568.000000
dhdl_modified_143.xvg,0.000000,12579006464.000000
dhdl_modified_144.xvg,0.000000,11576551424.000000
dhdl_modified_145.xvg,0.000000,10660099072.000000
dhdl_modified_146.xvg,0.000000,9821737984.000000
dhdl_modified_147.xvg,0.000000,9054301184.000000
dhdl_modified_148.xvg,0.000000,8351417344.000000
dhdl_modified_149.xvg,0.000000,7707257856.000000
dhdl_modified_150.xvg,0.000000,7116576768.000000
dhdl_modified_151.xvg,0.000000,6574625792.000000
dhdl_modified_152.xvg,0.000000,6077112320.000000
dhdl_modified_153.xvg,0.000000,5620113408.000000
dhdl_modified_154.xvg,0.000000,5200118272.000000
dhdl_modified_155.xvg,0.000000,4813905920.000000
dhdl_modified_156.xvg,0.000000,4458590720.000000
dhdl_modified_157.xvg,0.000000,4131503872.000000
dhdl_modified_158.xvg,0.000000,3830248192.000000
dhdl_modified_159.xvg,0.000000,3552654080.000000
dhdl_modified_160.xvg,0.000000,3296713216.000000
dhdl_modified_161.xvg,0.000000,3060636160.000000
dhdl_modified_162.xvg,0.000000,2842759168.000000
dhdl_modified_163.xvg,0.000000,2641588992.000000
dhdl_modified_164.xvg,0.000000,2455748352.000000
dhdl_modified_165.xvg,0.000000,2283986944.000000
dhdl_modified_166.xvg,0.000000,2125167616.000000
dhdl_modified_167.xvg,0.000000,1978238336.000000
dhdl_modified_168.xvg,0.000000,1842252160.000000
dhdl_modified_169.xvg,0.000000,1716334464.000000
dhdl_modified_170.xvg,0.000000,1599690496.000000
dhdl_modified_171.xvg,0.000000,1491579776.000000
dhdl_modified_172.xvg,0.000000,1391344256.000000
dhdl_modified_173.xvg,0.000000,1298366208.000000
dhdl_modified_174.xvg,0.000000,1212078208.000000
dhdl_modified_175.xvg,0.000000,1131969408.000000
dhdl_modified_176.xvg,0.000000,1057564352.000000
dhdl_modified_177.xvg,0.000000,988430784.000000
dhdl_modified_178.xvg,0.000000,924162624.000000
dhdl_modified_179.xvg,0.000000,864400320.000000
dhdl_modified_180.xvg,0.000000,808802944.000000
dhdl_modified_181.xvg,0.000000,757055232.000000
dhdl_modified_182.xvg,0.000000,708876608.000000
dhdl_modified_183.xvg,0.000000,664000960.000000
dhdl_modified_184.xvg,0.000000,622188416.000000
dhdl_modified_185.xvg,0.000000,583211840.000000
dhdl_modified_186.xvg,0.000000,546867200.000000
dhdl_modified_187.xvg,0.000000,512963200.000000
dhdl_modified_188.xvg,0.000000,481324960.000000
dhdl_modified_189.xvg,0.000000,451789632.000000
dhdl_modified_190.xvg,0.000000,424207520.000000
dhdl_modified_191.xvg,0.000000,398440064.000000
dhdl_modified_192.xvg,0.000000,374359840.000000
dhdl_modified_193.xvg,0.000000,351848800.000000
dhdl_modified_194.xvg,0.000000,330796192.000000
dhdl_modified_195.xvg,0.000000,311101408.000000
dhdl_modified_196.xvg,0.000000,292671296.000000
dhdl_modified_197.xvg,0.000000,275417248.000000
dhdl_modified_198.xvg,0.000000,259260272.000000
dhdl_modified_199.xvg,0.000000,244124800.000000
dhdl_modified_200.xvg,0.000000,229942160.000000
dhdl_modified_201.xvg,0.000000,216647552.000000
dhdl_modified_202.xvg,0.000000,204181872.000000
dhdl_modified_203.xvg,0.000000,192489376.000000
dhdl_modified_204.xvg,0.000000,181518560.000000
dhdl_modified_205.xvg,0.000000,171222144.000000
dhdl_modified_206.xvg,0.000000,161555008.000000
dhdl_modified_207.xvg,0.000000,152477040.000000
dhdl_modified_208.xvg,0.000000,143948848.000000
dhdl_modified_209.xvg,0.000000,135934672.000000
dhdl_modified_210.xvg,0.000000,128402064.000000
dhdl_modified_211.xvg,0.000000,121319184.000000
dhdl_modified_212.xvg,0.000000,114657904.000000
dhdl_modified_213.xvg,0.000000,108390808.000000
dhdl_modified_214.xvg,0.000000,102493272.000000
dhdl_modified_215.xvg,0.000000,96941632.000000
dhdl_modified_216.xvg,0.000000,91714328.000000
dhdl_modified_217.xvg,0.000000,86791248.000000
dhdl_modified_218.xvg,0.000000,82152768.000000
dhdl_modified_219.xvg,0.000000,77781864.000000
dhdl_modified_220.xvg,0.000000,73661680.000000
dhdl_modified_221.xvg,0.000000,69777000.000000
dhdl_modified_222.xvg,0.000000,66113096.000000
dhdl_modified_223.xvg,0.000000,62656824.000000
dhdl_modified_224.xvg,0.000000,59395496.000000
dhdl_modified_225.xvg,0.000000,56317124.000000
dhdl_modified_226.xvg,0.000000,53410992.000000
dhdl_modified_227.xvg,0.000000,50666384.000000
dhdl_modified_228.xvg,0.000000,48074152.000000
dhdl_modified_229.xvg,0.000000,45624792.000000
dhdl_modified_230.xvg,0.000000,43310192.000000
dhdl_modified_231.xvg,0.000000,41122176.000000
dhdl_modified_232.xvg,0.000000,39053436.000000
dhdl_modified_233.xvg,0.000000,37096944.000000
dhdl_modified_234.xvg,0.000000,35246152.000000
dhdl_modified_235.xvg,0.000000,33494996.000000
dhdl_modified_236.xvg,0.000000,31837736.000000
dhdl_modified_237.xvg,0.000000,30268898.000000
dhdl_modified_238.xvg,0.000000,28783548.000000
dhdl_modified_239.xvg,0.000000,27376748.000000
dhdl_modified_240.xvg,0.000000,26044168.000000
dhdl_modified_241.xvg,0.000000,24781480.000000
dhdl_modified_242.xvg,0.000000,23584946.000000
dhdl_modified_243.xvg,0.000000,22450668.000000
dhdl_modified_244.xvg,0.000000,21375328.000000
dhdl_modified_245.xvg,0.000000,20355510.000000
dhdl_modified_246.xvg,0.000000,19388172.000000
dhdl_modified_247.xvg,0.000000,18470522.000000
dhdl_modified_248.xvg,0.000000,17599634.000000
dhdl_modified_249.xvg,0.000000,16773093.000000
dhdl_modified_250.xvg,0.000000,15988418.000000
dhdl_modified_251.xvg,0.000000,15243396.000000
dhdl_modified_252.xvg,0.000000,14535817.000000
dhdl_modified_253.xvg,0.000000,13863652.000000
dhdl_modified_254.xvg,0.000000,13225065.000000
dhdl_modified_255.xvg,0.000000,12618196.000000
dhdl_modified_256.xvg,0.000000,12041388.000000
dhdl_modified_257.xvg,0.000000,11493036.000000
dhdl_modified_258.xvg,0.000000,10971620.000000
dhdl_modified_259.xvg,0.000000,10475733.000000
dhdl_modified_260.xvg,0.000000,10004051.000000
dhdl_modified_261.xvg,0.000000,9555286.000000
dhdl_modified_262.xvg,0.000000,9128231.000000
dhdl_modified_263.xvg,0.000000,8721769.000000
dhdl_modified_264.xvg,0.000000,8334850.000000
dhdl_modified_265.xvg,0.000000,7966462.500000
dhdl_modified_266.xvg,0.000000,7615634.500000
dhdl_modified_267.xvg,0.000000,7281490.500000
dhdl_modified_268.xvg,0.000000,6963168.500000
dhdl_modified_269.xvg,0.000000,6659870.000000
dhdl_modified_270.xvg,0.000000,6370817.000000
dhdl_modified_271.xvg,0.000000,6095302.000000
dhdl_modified_272.xvg,0.000000,5832667.500000
dhdl_modified_273.xvg,0.000000,5582223.000000
dhdl_modified_274.xvg,0.000000,5343404.500000
dhdl_modified_275.xvg,0.000000,5115609.500000
dhdl_modified_276.xvg,0.000000,4898285.500000
dhdl_modified_277.xvg,0.000000,4690944.000000
dhdl_modified_278.xvg,0.000000,4493066.500000
dhdl_modified_279.xvg,0.000000,4304205.000000
dhdl_modified_280.xvg,0.000000,4123901.250000
dhdl_modified_281.xvg,0.000000,3951754.500000
dhdl_modified_282.xvg,0.000000,3787366.000000
dhdl_modified_283.xvg,0.000000,3630362.750000
dhdl_modified_284.xvg,0.000000,3480381.750000
dhdl_modified_285.xvg,0.000000,3337086.500000
dhdl_modified_286.xvg,0.000000,3200165.750000
dhdl_modified_287.xvg,0.000000,3069300.750000
dhdl_modified_288.xvg,0.000000,2944222.750000
dhdl_modified_289.xvg,0.000000,2824642.000000
dhdl_modified_290.xvg,0.000000,2710299.750000
dhdl_modified_291.xvg,0.000000,2600959.250000
dhdl_modified_292.xvg,0.000000,2496377.000000
dhdl_modified_293.xvg,0.000000,2396336.250000
dhdl_modified_294.xvg,0.000000,2300624.750000
dhdl_modified_295.xvg,0.000000,2209043.000000
dhdl_modified_296.xvg,0.000000,2121389.500000
dhdl_modified_297.xvg,0.000000,2037495.125000
dhdl_modified_298.xvg,0.000000,1957183.250000
dhdl_modified_299.xvg,0.000000,1880288.125000
dhdl_modified_300.xvg,0.000000,1806654.625000
dhdl_modified_301.xvg,0.000000,1736132.000000
dhdl_modified_302.xvg,0.000000,1668583.375000
dhdl_modified_303.xvg,0.000000,1603869.875000
dhdl_modified_304.xvg,0.000000,1541869.125000
dhdl_modified_305.xvg,0.000000,1482454.750000
dhdl_modified_306.xvg,0.000000,1425509.625000
dhdl_modified_307.xvg,0.000000,1370928.750000
dhdl_modified_308.xvg,0.000000,1318604.750000
dhdl_modified_309.xvg,0.000000,1268434.750000
dhdl_modified_310.xvg,0.000000,1220326.625000
dhdl_modified_311.xvg,0.000000,1174189.500000
dhdl_modified_312.xvg,0.000000,1129933.625000
dhdl_modified_313.xvg,0.000000,1087480.000000
dhdl_modified_314.xvg,0.000000,1046748.437500
dhdl_modified_315.xvg,0.000000,1007661.375000
dhdl_modified_316.xvg,0.000000,970153.437500
dhdl_modified_317.xvg,0.000000,934151.187500
dhdl_modified_318.xvg,0.000000,899593.562500
dhdl_modified_319.xvg,0.000000,866414.312500
dhdl_modified_320.xvg,0.000000,834556.937500
dhdl_modified_321.xvg,0.000000,803963.187500
dhdl_modified_322.xvg,0.000000,774581.375000
dhdl_modified_323.xvg,0.000000,746358.500000
dhdl_modified_324.xvg,0.000000,719246.437500
dhdl_modified_325.xvg,0.000000,693196.750000
dhdl_modified_326.xvg,0.000000,668167.000000
dhdl_modified_327.xvg,0.000000,644112.500000
dhdl_modified_328.xvg,0.000000,620992.812500
dhdl_modified_329.xvg,0.000000,598768.750000
dhdl_modified_330.xvg,0.000000,577404.437500
dhdl_modified_331.xvg,0.000000,556862.750000
dhdl_modified_332.xvg,0.000000,537110.187500
dhdl_modified_333.xvg,0.000000,518114.500000
dhdl_modified_334.xvg,0.000000,499843.375000
dhdl_modified_335.xvg,0.000000,482268.437500
dhdl_modified_336.xvg,0.000000,465360.375000
dhdl_modified_337.xvg,0.000000,449092.250000
dhdl_modified_338.xvg,0.000000,433438.781250
dhdl_modified_339.xvg,0.000000,418373.906250
dhdl_modified_340.xvg,0.000000,403874.500000
dhdl_modified_341.xvg,0.000000,389918.062500
dhdl_modified_342.xvg,0.000000,376482.218750
dhdl_modified_343.xvg,0.000000,363545.875000
dhdl_modified_344.xvg,0.000000,351089.500000
dhdl_modified_345.xvg,0.000000,339093.781250
dhdl_modified_346.xvg,0.000000,327541.437500
dhdl_modified_347.xvg,0.000000,316412.906250
dhdl_modified_348.xvg,0.000000,305693.937500
dhdl_modified_349.xvg,0.000000,295365.875000
dhdl_modified_350.xvg,0.000000,285415.250000
dhdl_modified_351.xvg,0.000000,275826.062500
dhdl_modified_352.xvg,0.000000,266585.250000
dhdl_modified_353.xvg,0.000000,257678.078125
dhdl_modified_354.xvg,0.000000,249092.718750
dhdl_modified_355.xvg,0.000000,240816.359375
dhdl_modified_356.xvg,0.000000,232836.453125
dhdl_modified_357.xvg,0.000000,225142.171875
dhdl_modified_358.xvg,0.000000,217722.671875
dhdl_modified_359.xvg,0.000000,210566.843750
dhdl_modified_360.xvg,0.000000,203665.015625
dhdl_modified_361.xvg,0.000000,197007.593750
dhdl_modified_362.xvg,0.000000,190585.015625
dhdl_modified_363.xvg,0.000000,184388.562500
dhdl_modified_364.xvg,0.000000,178409.578125
dhdl_modified_365.xvg,0.000000,172639.890625
dhdl_modified_366.xvg,0.000000,167071.593750
dhdl_modified_367.xvg,0.000000,161697.421875
dhdl_modified_368.xvg,0.000000,156509.703125
dhdl_modified_369.xvg,0.000000,151501.656250
dhdl_modified_370.xvg,0.000000,146666.640625
dhdl_modified_371.xvg,0.000000,141998.078125
dhdl_modified_372.xvg,0.000000,137490.234375
dhdl_modified_373.xvg,0.000000,133136.640625
dhdl_modified_374.xvg,0.000000,128931.976562
dhdl_modified_375.xvg,0.000000,124870.625000
dhdl_modified_376.xvg,0.000000,120947.570312
dhdl_modified_377.xvg,0.000000,117157.460938
dhdl_modified_378.xvg,0.000000,113495.484375
dhdl_modified_379.xvg,0.000000,109957.101562
dhdl_modified_380.xvg,0.000000,106537.859375
dhdl_modified_381.xvg,0.000000,103233.335938
dhdl_modified_382.xvg,0.000000,100039.359375
dhdl_modified_383.xvg,0.000000,96952.234375
dhdl_modified_384.xvg,0.000000,93967.976562
dhdl_modified_385.xvg,0.000000,91082.757812
dhdl_modified_386.xvg,0.000000,88293.148438
dhdl_modified_387.xvg,0.000000,85595.898438
dhdl_modified_388.xvg,0.000000,82987.554688
dhdl_modified_389.xvg,0.000000,80464.765625
dhdl_modified_390.xvg,0.000000,78025.062500
dhdl_modified_391.xvg,0.000000,75665.031250
dhdl_modified_392.xvg,0.000000,73382.187500
dhdl_modified_393.xvg,0.000000,71173.656250
dhdl_modified_394.xvg,0.000000,69036.773438
dhdl_modified_395.xvg,0.000000,66969.109375
dhdl_modified_396.xvg,0.000000,64968.378906
dhdl_modified_397.xvg,0.000000,63032.140625
dhdl_modified_398.xvg,0.000000,61158.105469
dhdl_modified_399.xvg,0.000000,59344.292969
dhdl_modified_400.xvg,0.000000,57588.546875
dhdl_modified_401.xvg,0.000000,55888.820312
dhdl_modified_402.xvg,0.000000,54243.214844
dhdl_modified_403.xvg,0.000000,52649.832031
dhdl_modified_404.xvg,0.000000,51107.140625
dhdl_modified_405.xvg,0.000000,49613.140625
dhdl_modified_406.xvg,0.000000,48166.175781
dhdl_modified_407.xvg,0.000000,46764.843750
dhdl_modified_408.xvg,0.000000,45407.550781
dhdl_modified_409.xvg,0.000000,44092.660156
dhdl_modified_410.xvg,0.000000,42818.914062
dhdl_modified_411.xvg,0.000000,41584.851562
dhdl_modified_412.xvg,0.000000,40389.144531
dhdl_modified_413.xvg,0.000000,39230.578125
dhdl_modified_414.xvg,0.000000,38107.828125
dhdl_modified_415.xvg,0.000000,37019.839844
dhdl_modified_416.xvg,0.000000,35965.175781
dhdl_modified_417.xvg,0.000000,34943.019531
dhdl_modified_418.xvg,0.000000,33952.222656
dhdl_modified_419.xvg,0.000000,32991.753906
dhdl_modified_420.xvg,0.000000,32060.513672
dhdl_modified_421.xvg,0.000000,31157.673828
dhdl_modified_422.xvg,0.000000,30282.285156
dhdl_modified_423.xvg,0.000000,29433.390625
dhdl_modified_424.xvg,0.000000,28610.201172
dhdl_modified_425.xvg,0.000000,27811.759766
dhdl_modified_426.xvg,0.000000,27037.433594
dhdl_modified_427.xvg,0.000000,26286.341797
dhdl_modified_428.xvg,0.000000,25557.744141
dhdl_modified_429.xvg,0.000000,24850.888672
dhdl_modified_430.xvg,0.000000,24165.121094
dhdl_modified_431.xvg,0.000000,23499.806641
dhdl_modified_432.xvg,0.000000,22854.207031
dhdl_modified_433.xvg,0.000000,22227.750000
dhdl_modified_434.xvg,0.000000,21619.779297
dhdl_modified_435.xvg,0.000000,21029.773438
dhdl_modified_436.xvg,0.000000,20457.130859
dhdl_modified_437.xvg,0.000000,19901.250000
dhdl_modified_438.xvg,0.000000,19361.697266
dhdl_modified_439.xvg,0.000000,18837.873047
dhdl_modified_440.xvg,0.000000,18329.367188
dhdl_modified_441.xvg,0.000000,17835.658203
dhdl_modified_442.xvg,0.000000,17356.261719
dhdl_modified_443.xvg,0.000000,16890.730469
dhdl_modified_444.xvg,0.000000,16438.691406
dhdl_modified_445.xvg,0.000000,15999.679688
dhdl_modified_446.xvg,0.000000,15573.301758
dhdl_modified_447.xvg,0.000000,15159.174805
dhdl_modified_448.xvg,0.000000,14756.895508
dhdl_modified_449.xvg,0.000000,14366.129883
dhdl_modified_450.xvg,0.000000,13986.521484
dhdl_modified_451.xvg,0.000000,13617.716797
dhdl_modified_452.xvg,0.000000,13259.373047
dhdl_modified_453.xvg,0.000000,12911.185547
dhdl_modified_454.xvg,0.000000,12572.859375
dhdl_modified_455.xvg,0.000000,12244.096680
dhdl_modified_456.xvg,0.000000,11924.574219
dhdl_modified_457.xvg,0.000000,11614.016602
dhdl_modified_458.xvg,0.000000,11312.205078
dhdl_modified_459.xvg,0.000000,11018.833008
dhdl_modified_460.xvg,0.000000,10733.625977
dhdl_modified_461.xvg,0.000000,10456.397461
dhdl_modified_462.xvg,0.000000,10186.838867
dhdl_modified_463.xvg,0.000000,9924.791992
dhdl_modified_464.xvg,0.000000,9669.992188
dhdl_modified_465.xvg,0.000000,9422.251953
dhdl_modified_466.xvg,0.000000,9181.316406
dhdl_modified_467.xvg,0.000000,8947.021484
dhdl_modified_468.xvg,0.000000,8719.161133
dhdl_modified_469.xvg,0.000000,8497.542969
dhdl_modified_470.xvg,0.000000,8281.988281
dhdl_modified_471.xvg,0.000000,8072.304199
dhdl_modified_472.xvg,0.000000,7868.350586
dhdl_modified_473.xvg,0.000000,7669.928711
dhdl_modified_474.xvg,0.000000,7476.894043
dhdl_modified_475.xvg,0.000000,7289.087402
dhdl_modified_476.xvg,0.000000,7106.339355
dhdl_modified_477.xvg,0.000000,6928.536621
dhdl_modified_478.xvg,0.000000,6755.511230
dhdl_modified_479.xvg,0.000000,6587.137207
dhdl_modified_480.xvg,0.000000,6423.262695
dhdl_modified_481.xvg,0.000000,6263.767090
dhdl_modified_482.xvg,0.000000,6108.546387
dhdl_modified_483.xvg,0.000000,5957.437500
dhdl_modified_484.xvg,0.000000,5810.355469
dhdl_modified_485.xvg,0.000000,5667.177734
dhdl_modified_486.xvg,0.000000,5527.788574
dhdl_modified_487.xvg,0.000000,5392.079590
dhdl_modified_488.xvg,0.000000,5259.950195
dhdl_modified_489.xvg,0.000000,5131.305664
dhdl_modified_490.xvg,0.000000,5006.025879
dhdl_modified_491.xvg,0.000000,4884.043457
dhdl_modified_492.xvg,0.000000,4765.247070
dhdl_modified_493.xvg,0.000000,4649.552734
dhdl_modified_494.xvg,0.000000,4536.871582
dhdl_modified_495.xvg,0.000000,4427.125488
dhdl_modified_496.xvg,0.000000,4320.222656
dhdl_modified_497.xvg,0.000000,4216.090820
dhdl_modified_498.xvg,0.000000,4114.651367
dhdl_modified_499.xvg,0.000000,4015.831543
dhdl_modified_500.xvg,0.000000,3919.560791
dhdl_modified_501.xvg,0.000000,3825.757324
dhdl_modified_502.xvg,0.000000,3734.368164
dhdl_modified_503.xvg,0.000000,3645.316895
dhdl_modified_504.xvg,0.000000,3558.536133
dhdl_modified_505.xvg,0.000000,3473.973389
dhdl_modified_506.xvg,0.000000,3391.565186
dhdl_modified_507.xvg,0.000000,3311.247314
dhdl_modified_508.xvg,0.000000,3232.966064
dhdl_modified_509.xvg,0.000000,3156.671875
dhdl_modified_510.xvg,0.000000,3082.304688
dhdl_modified_511.xvg,0.000000,3009.813477
dhdl_modified_512.xvg,0.000000,2939.144775
dhdl_modified_513.xvg,0.000000,2870.250000
dhdl_modified_514.xvg,0.000000,2803.087158
dhdl_modified_515.xvg,0.000000,2737.606201
dhdl_modified_516.xvg,0.000000,2673.761230
dhdl_modified_517.xvg,0.000000,2611.505615
dhdl_modified_518.xvg,0.000000,2550.797363
dhdl_modified_519.xvg,0.000000,2491.604248
dhdl_modified_520.xvg,0.000000,2433.875732
dhdl_modified_521.xvg,0.000000,2377.577148
dhdl_modified_522.xvg,0.000000,2322.671387
dhdl_modified_523.xvg,0.000000,2269.119141
dhdl_modified_524.xvg,0.000000,2216.882812
dhdl_modified_525.xvg,0.000000,2165.932129
dhdl_modified_526.xvg,0.000000,2116.233643
dhdl_modified_527.xvg,0.000000,2067.744873
dhdl_modified_528.xvg,0.000000,2020.447998
dhdl_modified_529.xvg,0.000000,1974.304688
dhdl_modified_530.xvg,0.000000,1929.283569
dhdl_modified_531.xvg,0.000000,1885.355347
dhdl_modified_532.xvg,0.000000,1842.495605
dhdl_modified_533.xvg,0.000000,1800.671875
dhdl_modified_534.xvg,0.000000,1759.861206
dhdl_modified_535.xvg,0.000000,1720.037598
dhdl_modified_536.xvg,0.000000,1681.167236
dhdl_modified_537.xvg,0.000000,1643.235962
dhdl_modified_538.xvg,0.000000,1606.215454
dhdl_modified_539.xvg,0.000000,1570.082275
dhdl_modified_540.xvg,0.000000,1534.813110
dhdl_modified_541.xvg,0.000000,1500.383789
dhdl_modified_542.xvg,0.000000,1466.778198
dhdl_modified_543.xvg,0.000000,1433.970703
dhdl_modified_544.xvg,0.000000,1401.943848
dhdl_modified_545.xvg,0.000000,1370.675293
dhdl_modified_546.xvg,0.000000,1340.146851
dhdl_modified_547.xvg,0.000000,1310.340454
dhdl_modified_548.xvg,0.000000,1281.238525
dhdl_modified_549.xvg,0.000000,1252.820435
dhdl_modified_550.xvg,0.000000,1225.071045
dhdl_modified_551.xvg,0.000000,1197.970459
dhdl_modified_552.xvg,0.000000,1171.508423
dhdl_modified_553.xvg,0.000000,1145.662231
dhdl_modified_554.xvg,0.000000,1120.422363
dhdl_modified_555.xvg,0.000000,1095.767700
dhdl_modified_556.xvg,0.000000,1071.689209
dhdl_modified_557.xvg,0.000000,1048.169800
dhdl_modified_558.xvg,0.000000,1025.194458
dhdl_modified_559.xvg,0.000000,1002.751709
dhdl_modified_560.xvg,0.000000,980.827515
dhdl_modified_561.xvg,0.000000,959.408691
dhdl_modified_562.xvg,0.000000,938.484619
dhdl_modified_563.xvg,0.000000,918.040283
dhdl_modified_564.xvg,0.000000,898.065308
dhdl_modified_565.xvg,0.000000,878.547424
dhdl_modified_566.xvg,0.000000,859.478149
dhdl_modified_567.xvg,0.000000,840.844238
dhdl_modified_568.xvg,0.000000,822.633545
dhdl_modified_569.xvg,0.000000,804.838867
dhdl_modified_570.xvg,0.000000,787.448425
dhdl_modified_571.xvg,0.000000,770.451599
dhdl_modified_572.xvg,0.000000,753.841309
dhdl_modified_573.xvg,0.000000,737.606079
dhdl_modified_574.xvg,0.000000,721.736816
dhdl_modified_575.xvg,0.000000,706.226257
dhdl_modified_576.xvg,0.000000,691.064453
dhdl_modified_577.xvg,0.000000,676.243469
dhdl_modified_578.xvg,0.000000,661.753723
dhdl_modified_579.xvg,0.000000,647.590149
dhdl_modified_580.xvg,0.000000,633.742371
dhdl_modified_581.xvg,0.000000,620.204651
dhdl_modified_582.xvg,0.000000,606.966553
dhdl_modified_583.xvg,0.000000,594.024780
dhdl_modified_584.xvg,0.000000,581.370728
dhdl_modified_585.xvg,0.000000,568.997375
dhdl_modified_586.xvg,0.000000,556.897522
dhdl_modified_587.xvg,0.000000,545.063782
dhdl_modified_588.xvg,0.000000,533.493896
dhdl_modified_589.xvg,0.000000,522.178101
dhdl_modified_590.xvg,0.000000,511.111328
dhdl_modified_591.xvg,0.000000,500.287750
dhdl_modified_592.xvg,0.000000,489.700623
dhdl_modified_593.xvg,0.000000,479.346466
dhdl_modified_594.xvg,0.000000,469.218567
dhdl_modified_595.xvg,0.000000,459.311768
dhdl_modified_596.xvg,0.000000,449.620148
dhdl_modified_597.xvg,0.000000,440.140656
dhdl_modified_598.xvg,0.000000,430.867065
dhdl_modified_599.xvg,0.000000,421.794861
dhdl_modified_600.xvg,0.000000,412.919067
dhdl_modified_601.xvg,0.000000,404.234528
dhdl_modified_602.xvg,0.000000,395.737579
dhdl_modified_603.xvg,0.000000,387.424561
dhdl_modified_604.xvg,0.000000,379.291138
dhdl_modified_605.xvg,0.000000,371.331787
dhdl_modified_606.xvg,0.000000,363.542938
dhdl_modified_607.xvg,0.000000,355.921844
dhdl_modified_608.xvg,0.000000,348.463715
dhdl_modified_609.xvg,0.000000,341.165161
dhdl_modified_610.xvg,0.000000,334.021240
dhdl_modified_611.xvg,0.000000,327.030731
dhdl_modified_612.xvg,0.000000,320.188690
dhdl_modified_613.xvg,0.000000,313.491882
dhdl_modified_614.xvg,0.000000,306.937775
dhdl_modified_615.xvg,0.000000,300.520874
dhdl_modified_616.xvg,0.000000,294.241028
dhdl_modified_617.xvg,0.000000,288.093658
dhdl_modified_618.xvg,0.000000,282.075653
dhdl_modified_619.xvg,0.000000,276.184204
dhdl_modified_620.xvg,0.000000,270.417389
dhdl_modified_621.xvg,0.000000,264.770874
dhdl_modified_622.xvg,0.000000,259.243286
dhdl_modified_623.xvg,0.000000,253.831055
dhdl_modified_624.xvg,0.000000,248.532150
dhdl_modified_625.xvg,0.000000,243.343506
dhdl_modified_626.xvg,0.000000,238.263412
dhdl_modified_627.xvg,0.000000,233.288910
dhdl_modified_628.xvg,0.000000,228.418228
dhdl_modified_629.xvg,0.000000,223.647964
dhdl_modified_630.xvg,0.000000,218.976715
dhdl_modified_631.xvg,0.000000,214.402206
dhdl_modified_632.xvg,0.000000,209.922409
dhdl_modified_633.xvg,0.000000,205.534668
dhdl_modified_634.xvg,0.000000,201.237625
dhdl_modified_635.xvg,0.000000,197.029037
dhdl_modified_636.xvg,0.000000,192.906876
dhdl_modified_637.xvg,0.000000,188.869446
dhdl_modified_638.xvg,0.000000,184.914352
dhdl_modified_639.xvg,0.000000,181.040604
dhdl_modified_640.xvg,0.000000,177.245865
dhdl_modified_641.xvg,0.000000,173.528564
dhdl_modified_642.xvg,0.000000,169.887207
dhdl_modified_643.xvg,0.000000,166.319366
dhdl_modified_644.xvg,0.000000,162.824600
dhdl_modified_645.xvg,0.000000,159.400650
dhdl_modified_646.xvg,0.000000,156.046021
dhdl_modified_647.xvg,0.000000,152.758972
dhdl_modified_648.xvg,0.000000,149.538773
dhdl_modified_649.xvg,0.000000,146.383438
dhdl_modified_650.xvg,0.000000,143.291763
dhdl_modified_651.xvg,0.000000,140.262283
dhdl_modified_652.xvg,0.000000,137.293579
dhdl_modified_653.xvg,0.000000,134.384537
dhdl_modified_654.xvg,0.000000,131.534027
dhdl_modified_655.xvg,0.000000,128.740448
dhdl_modified_656.xvg,0.000000,126.002518
dhdl_modified_657.xvg,0.000000,123.319328
dhdl_modified_658.xvg,0.000000,120.689972
dhdl_modified_659.xvg,0.000000,118.112610
dhdl_modified_660.xvg,0.000000,115.586716
dhdl_modified_661.xvg,0.000000,113.110764
dhdl_modified_662.xvg,0.000000,110.684189
dhdl_modified_663.xvg,0.000000,108.305550
dhdl_modified_664.xvg,0.000000,105.973969
dhdl_modified_665.xvg,0.000000,103.688538
dhdl_modified_666.xvg,0.000000,101.448082
dhdl_modified_667.xvg,0.000000,99.251976
dhdl_modified_668.xvg,0.000000,97.098984
dhdl_modified_669.xvg,0.000000,94.988297
dhdl_modified_670.xvg,0.000000,92.918953
dhdl_modified_671.xvg,0.000000,90.890327
dhdl_modified_672.xvg,0.000000,88.901329
dhdl_modified_673.xvg,0.000000,86.951294
dhdl_modified_674.xvg,0.000000,85.039383
dhdl_modified_675.xvg,0.000000,83.164612
dhdl_modified_676.xvg,0.000000,81.326477
dhdl_modified_677.xvg,0.000000,79.524254
dhdl_modified_678.xvg,0.000000,77.756836
dhdl_modified_679.xvg,0.000000,76.023926
dhdl_modified_680.xvg,0.000000,74.324348
dhdl_modified_681.xvg,0.000000,72.657776
dhdl_modified_682.xvg,0.000000,71.023636
dhdl_modified_683.xvg,0.000000,69.420860
dhdl_modified_684.xvg,0.000000,67.849068
dhdl_modified_685.xvg,0.000000,66.307510
dhdl_modified_686.xvg,0.000000,64.795578
dhdl_modified_687.xvg,0.000000,63.312820
dhdl_modified_688.xvg,0.000000,61.858505
dhdl_modified_689.xvg,0.000000,60.431931
dhdl_modified_690.xvg,0.000000,59.032780
dhdl_modified_691.xvg,0.000000,57.660488
dhdl_modified_692.xvg,0.000000,56.314335
dhdl_modified_693.xvg,0.000000,54.993820
dhdl_modified_694.xvg,0.000000,53.698490
dhdl_modified_695.xvg,0.000000,52.427856
dhdl_modified_696.xvg,0.000000,51.181381
dhdl_modified_697.xvg,0.000000,49.958591
dhdl_modified_698.xvg,0.000000,48.758854
dhdl_modified_699.xvg,0.000000,47.581974
dhdl_modified_700.xvg,0.000000,46.427410
dhdl_modified_701.xvg,0.000000,45.294636
dhdl_modified_702.xvg,0.000000,44.183304
dhdl_modified_703.xvg,0.000000,43.092735
dhdl_modified_704.xvg,0.000000,42.022900
dhdl_modified_705.xvg,0.000000,40.973183
dhdl_modified_706.xvg,0.000000,39.943108
dhdl_modified_707.xvg,0.000000,38.932320
dhdl_modified_708.xvg,0.000000,37.940666
dhdl_modified_709.xvg,0.000000,36.967583
dhdl_modified_710.xvg,0.000000,36.012589
dhdl_modified_711.xvg,0.000000,35.075466
dhdl_modified_712.xvg,0.000000,34.155807
dhdl_modified_713.xvg,0.000000,33.253349
dhdl_modified_714.xvg,0.000000,32.367691
dhdl_modified_715.xvg,0.000000,31.498562
dhdl_modified_716.xvg,0.000000,30.645559
dhdl_modified_717.xvg,0.000000,29.808376
dhdl_modified_718.xvg,0.000000,28.986736
dhdl_modified_719.xvg,0.000000,28.180321
dhdl_modified_720.xvg,0.000000,27.388775
dhdl_modified_721.xvg,0.000000,26.611872
dhdl_modified_722.xvg,0.000000,25.849411
dhdl_modified_723.xvg,0.000000,25.101017
dhdl_modified_724.xvg,0.000000,24.366266
dhdl_modified_725.xvg,0.000000,23.645124
dhdl_modified_726.xvg,0.000000,22.937225
dhdl_modified_727.xvg,0.000000,22.242348
dhdl_modified_728.xvg,0.000000,21.560215
dhdl_modified_729.xvg,0.000000,20.890636
dhdl_modified_730.xvg,0.000000,20.233223
dhdl_modified_731.xvg,0.000000,19.587887
dhdl_modified_732.xvg,0.000000,18.954342
dhdl_modified_733.xvg,0.000000,18.332390
dhdl_modified_734.xvg,0.000000,17.721706
dhdl_modified_735.xvg,0.000000,17.122217
dhdl_modified_736.xvg,0.000000,16.533611
dhdl_modified_737.xvg,0.000000,15.955703
dhdl_modified_738.xvg,0.000000,15.388308
dhdl_modified_739.xvg,0.000000,14.831175
dhdl_modified_740.xvg,0.000000,14.284167
dhdl_modified_741.xvg,0.000000,13.747053
dhdl_modified_742.xvg,0.000000,13.219657
dhdl_modified_743.xvg,0.000000,12.701810
dhdl_modified_744.xvg,0.000000,12.193272
dhdl_modified_745.xvg,0.000000,11.693954
dhdl_modified_746.xvg,0.000000,11.203625
dhdl_modified_747.xvg,0.000000,10.722083
dhdl_modified_748.xvg,0.000000,10.249261
dhdl_modified_749.xvg,0.000000,9.784879
dhdl_modified_750.xvg,0.000000,9.328963
dhdl_modified_751.xvg,0.000000,8.881780
dhdl_modified_752.xvg,0.000000,8.443789
dhdl_modified_753.xvg,0.000000,8.015299
dhdl_modified_754.xvg,0.000000,7.596609
dhdl_modified_755.xvg,0.000000,7.188169
dhdl_modified_756.xvg,0.000000,6.790193
dhdl_modified_757.xvg,0.000000,6.402994
dhdl_modified_758.xvg,0.000000,6.026772
dhdl_modified_759.xvg,0.000000,5.661836
dhdl_modified_760.xvg,0.000000,5.308337
dhdl_modified_761.xvg,0.000000,4.966524
dhdl_modified_762.xvg,0.000000,4.636524
dhdl_modified_763.xvg,0.000000,4.318392
dhdl_modified_764.xvg,0.000000,4.012337
dhdl_modified_765.xvg,0.000000,3.718473
dhdl_modified_766.xvg,0.000000,3.436785
dhdl_modified_767.xvg,0.000000,3.167330
dhdl_modified_768.xvg,0.000000,2.910170
dhdl_modified_769.xvg,0.000000,2.665253
dhdl_modified_770.xvg,0.000000,2.432597
dhdl_modified_771.xvg,0.000000,2.212094
dhdl_modified_772.xvg,0.000000,2.003699
dhdl_modified_773.xvg,0.000000,1.807265
dhdl_modified_774.xvg,0.000000,1.622754
dhdl_modified_775.xvg,0.000000,1.449958
dhdl_modified_776.xvg,0.000000,1.288684
dhdl_modified_777.xvg,0.000000,1.138806
dhdl_modified_778.xvg,0.000000,1.000001
dhdl_modified_779.xvg,0.000000,0.872075
dhdl_modified_780.xvg,0.000000,0.754840
dhdl_modified_781.xvg,0.000000,0.647797
dhdl_modified_782.xvg,0.000000,0.550801
dhdl_modified_783.xvg,0.000000,0.463448
dhdl_modified_784.xvg,0.000000,0.385358
dhdl_modified_785.xvg,0.000000,0.316159
dhdl_modified_786.xvg,0.000000,0.255402
dhdl_modified_787.xvg,0.000000,0.202681
dhdl_modified_788.xvg,0.000000,0.157479
dhdl_modified_789.xvg,0.000000,0.119343
dhdl_modified_790.xvg,0.000000,0.087748
dhdl_modified_791.xvg,0.000000,0.062162
dhdl_modified_792.xvg,0.000000,0.041991
dhdl_modified_793.xvg,0.000000,0.026680
dhdl_modified_794.xvg,0.000000,0.015586
dhdl_modified_795.xvg,0.000000,0.008037
dhdl_modified_796.xvg,0.000000,0.003428
dhdl_modified_797.xvg,0.000000,0.001014
dhdl_modified_798.xvg,0.000000,0.000133
dhdl_modified_799.xvg,0.000000,0.000020
dhdl_modified_800.xvg,0.000000,0.000000
dhdl_modified_801.xvg,0.000000,0.000000
dhdl_modified_802.xvg,0.000000,0.000000
dhdl_modified_803.xvg,0.000000,0.000000
dhdl_modified_804.xvg,0.000000,0.000000
dhdl_modified_805.xvg,0.000000,0.000000
dhdl_modified_806.xvg,0.000000,0.000000
dhdl_modified_807.xvg,0.000000,0.000000
dhdl_modified_808.xvg,0.000000,0.000000
dhdl_modified_809.xvg,0.000000,0.000000
dhdl_modified_810.xvg,0.000000,0.000000
dhdl_modified_811.xvg,0.000000,0.000000
dhdl_modified_812.xvg,0.000000,0.000000
dhdl_modified_813.xvg,0.000000,0.000000
dhdl_modified_814.xvg,0.000000,0.000000
dhdl_modified_815.xvg,0.000000,0.000000
dhdl_modified_816.xvg,0.000000,0.000000
dhdl_modified_817.xvg,0.000000,0.000000
dhdl_modified_818.xvg,0.000000,0.000000
dhdl_modified_819.xvg,0.000000,0.000000
dhdl_modified_820.xvg,0.000000,0.000000
dhdl_modified_821.xvg,0.000000,0.000000
dhdl_modified_822.xvg,0.000000,0.000000
dhdl_modified_823.xvg,0.000000,0.000000
dhdl_modified_824.xvg,0.000000,0.000000
dhdl_modified_825.xvg,0.000000,0.000000
dhdl_modified_826.xvg,0.000000,0.000000
dhdl_modified_827.xvg,0.000000,0.000000
dhdl_modified_828.xvg,0.000000,0.000000
dhdl_modified_829.xvg,0.000000,0.000000
dhdl_modified_830.xvg,0.000000,0.000000
dhdl_modified_831.xvg,0.000000,0.000000
dhdl_modified_832.xvg,0.000000,0.000000
dhdl_modified_833.xvg,0.000000,0.000000
dhdl_modified_834.xvg,0.000000,0.000000
dhdl_modified_835.xvg,0.000000,0.000000
dhdl_modified_836.xvg,0.000000,0.000000
dhdl_modified_837.xvg,0.000000,0.000000
dhdl_modified_838.xvg,0.000000,0.000000
dhdl_modified_839.xvg,0.000000,0.000000
dhdl_modified_840.xvg,0.000000,0.000000
dhdl_modified_841.xvg,0.000000,0.000000
dhdl_modified_842.xvg,0.000000,0.000000
dhdl_modified_843.xvg,0.000000,0.000000
dhdl_modified_844.xvg,0.000000,0.000000
dhdl_modified_845.xvg,0.000000,0.000000
dhdl_modified_846.xvg,0.000000,0.000000
dhdl_modified_847.xvg,0.000000,0.000000
dhdl_modified_848.xvg,0.000000,0.000000
dhdl_modified_849.xvg,0.000000,0.000000
dhdl_modified_850.xvg,0.000000,0.000000
dhdl_modified_851.xvg,0.000000,0.000000
dhdl_modified_852.xvg,0.000000,0.000000
dhdl_modified_853.xvg,0.000000,0.000000
dhdl_modified_854.xvg,0.000000,0.000000
dhdl_modified_855.xvg,0.000000,0.000000
dhdl_modified_856.xvg,0.000000,0.000000
dhdl_modified_857.xvg,0.000000,0.000000
dhdl_modified_858.xvg,0.000000,0.000000
dhdl_modified_859.xvg,0.000000,0.000000
dhdl_modified_860.xvg,0.000000,0.000000
dhdl_modified_861.xvg,0.000000,0.000000
dhdl_modified_862.xvg,0.000000,0.000000
dhdl_modified_863.xvg,0.000000,0.000000
dhdl_modified_864.xvg,0.000000,0.000000
dhdl_modified_865.xvg,0.000000,0.000000
dhdl_modified_866.xvg,0.000000,0.000000
dhdl_modified_867.xvg,0.000000,0.000000
dhdl_modified_868.xvg,0.000000,0.000000
dhdl_modified_869.xvg,0.000000,0.000000
dhdl_modified_870.xvg,0.000000,0.000000
dhdl_modified_871.xvg,0.000000,0.000000
dhdl_modified_872.xvg,0.000000,0.000000
dhdl_modified_873.xvg,0.000000,0.000000
dhdl_modified_874.xvg,0.000000,0.000000
dhdl_modified_875.xvg,0.000000,0.000000
dhdl_modified_876.xvg,0.000000,0.000000
dhdl_modified_877.xvg,0.000000,0.000000
dhdl_modified_878.xvg,0.000000,0.000000
dhdl_modified_879.xvg,0.000000,0.000000
dhdl_modified_880.xvg,0.000000,0.000000
dhdl_modified_881.xvg,0.000000,0.000000
dhdl_modified_882.xvg,0.000000,0.000000
dhdl_modified_883.xvg,0.000000,0.000000
dhdl_modified_884.xvg,0.000000,0.000000
dhdl_modified_885.xvg,0.000000,0.000000
dhdl_modified_886.xvg,0.000000,0.000000
dhdl_modified_887.xvg,0.000000,0.000000
dhdl_modified_888.xvg,0.000000,0.000000
dhdl_modified_889.xvg,0.000000,0.000000
dhdl_modified_890.xvg,0.000000,0.000000
dhdl_modified_891.xvg,0.000000,0.000000
dhdl_modified_892.xvg,0.000000,0.000000
dhdl_modified_893.xvg,0.000000,0.000000
dhdl_modified_894.xvg,0.000000,0.000000
dhdl_modified_895.xvg,0.000000,0.000000
dhdl_modified_896.xvg,0.000000,0.000000
dhdl_modified_897.xvg,0.000000,0.000000
dhdl_modified_898.xvg,0.000000,0.000000
dhdl_modified_899.xvg,0.000000,0.000000
dhdl_modified_900.xvg,0.000000,0.000000
dhdl_modified_901.xvg,0.000000,0.000000
dhdl_modified_902.xvg,0.000000,0.000000
dhdl_modified_903.xvg,0.000000,0.000000
dhdl_modified_904.xvg,0.000000,0.000000
dhdl_modified_905.xvg,0.000000,0.000000
dhdl_modified_906.xvg,0.000000,0.000000
dhdl_modified_907.xvg,0.000000,0.000000
dhdl_modified_908.xvg,0.000000,0.000000
dhdl_modified_909.xvg,0.000000,0.000000
dhdl_modified_910.xvg,0.000000,0.000000
dhdl_modified_911.xvg,0.000000,0.000000
dhdl_modified_912.xvg,0.000000,0.000000
dhdl_modified_913.xvg,0.000000,0.000000
dhdl_modified_914.xvg,0.000000,0.000000
dhdl_modified_915.xvg,0.000000,0.000000
dhdl_modified_916.xvg,0.000000,0.000000
dhdl_modified_917.xvg,0.000000,0.000000
dhdl_modified_918.xvg,0.000000,0.000000
dhdl_modified_919.xvg,0.000000,0.000000
dhdl_modified_920.xvg,0.000000,0.000000
dhdl_modified_921.xvg,0.000000,0.000000
dhdl_modified_922.xvg,0.000000,0.000000
dhdl_modified_923.xvg,0.000000,0.000000
dhdl_modified_924.xvg,0.000000,0.000000
dhdl_modified_925.xvg,0.000000,0.000000
dhdl_modified_926.xvg,0.000000,0.000000
dhdl_modified_927.xvg,0.000000,0.000000
dhdl_modified_928.xvg,0.000000,0.000000
dhdl_modified_929.xvg,0.000000,0.000000
dhdl_modified_930.xvg,0.000000,0.000000
dhdl_modified_931.xvg,0.000000,0.000000
dhdl_modified_932.xvg,0.000000,0.000000
dhdl_modified_933.xvg,0.000000,0.000000
dhdl_modified_934.xvg,0.000000,0.000000
dhdl_modified_935.xvg,0.000000,0.000000
dhdl_modified_936.xvg,0.000000,0.000000
dhdl_modified_937.xvg,0.000000,0.000000
dhdl_modified_938.xvg,0.000000,0.000000
dhdl_modified_939.xvg,0.000000,0.000000
dhdl_modified_940.xvg,0.000000,0.000000
dhdl_modified_941.xvg,0.000000,0.000000
dhdl_modified_942.xvg,0.000000,0.000000
dhdl_modified_943.xvg,0.000000,0.000000
dhdl_modified_944.xvg,0.000000,0.000000
dhdl_modified_945.xvg,0.000000,0.000000
dhdl_modified_946.xvg,0.000000,0.000000
dhdl_modified_947.xvg,0.000000,0.000000
dhdl_modified_948.xvg,0.000000,0.000000
dhdl_modified_949.xvg,0.000000,0.000000
dhdl_modified_950.xvg,0.000000,0.000000
dhdl_modified_951.xvg,0.000000,0.000000
dhdl_modified_952.xvg,0.000000,0.000000
dhdl_modified_953.xvg,0.000000,0.000000
dhdl_modified_954.xvg,0.000000,0.000000
dhdl_modified_955.xvg,0.000000,0.000000
dhdl_modified_956.xvg,0.000000,0.000000
dhdl_modified_957.xvg,0.000000,0.000000
dhdl_modified_958.xvg,0.000000,0.000000
dhdl_modified_959.xvg,0.000000,0.000000
dhdl_modified_960.xvg,0.000000,0.000000
dhdl_modified_961.xvg,0.000000,0.000000
dhdl_modified_962.xvg,0.000000,0.000000
dhdl_modified_963.xvg,0.000000,0.000000
dhdl_modified_964.xvg,0.000000,0.000000
dhdl_modified_965.xvg,0.000000,0.000000
dhdl_modified_966.xvg,0.000000,0.000000
dhdl_modified_967.xvg,0.000000,0.000000
dhdl_modified_968.xvg,0.000000,0.000000
dhdl_modified_969.xvg,0.000000,0.000000
dhdl_modified_970.xvg,0.000000,0.000000
dhdl_modified_971.xvg,0.000000,0.000000
dhdl_modified_972.xvg,0.000000,0.000000
dhdl_modified_973.xvg,0.000000,0.000000
dhdl_modified_974.xvg,0.000000,0.000000
dhdl_modified_975.xvg,0.000000,0.000000
dhdl_modified_976.xvg,0.000000,0.000000
dhdl_modified_977.xvg,0.000000,0.000000
dhdl_modified_978.xvg,0.000000,0.000000
dhdl_modified_979.xvg,0.000000,0.000000
dhdl_modified_980.xvg,0.000000,0.000000
dhdl_modified_981.xvg,0.000000,0.000000
dhdl_modified_982.xvg,0.000000,0.000000
dhdl_modified_983.xvg,0.000000,0.000000
dhdl_modified_984.xvg,0.000000,0.000000
dhdl_modified_985.xvg,0.000000,0.000000
dhdl_modified_986.xvg,0.000000,0.000000
dhdl_modified_987.xvg,0.000000,0.000000
dhdl_modified_988.xvg,0.000000,0.000000
dhdl_modified_989.xvg,0.000000,0.000000
dhdl_modified_990.xvg,0.000000,0.000000
dhdl_modified_991.xvg,0.000000,0.000000
dhdl_modified_992.xvg,0.000000,0.000000
dhdl_modified_993.xvg,0.000000,0.000000
dhdl_modified_994.xvg,0.000000,0.000000
dhdl_modified_995.xvg,0.000000,0.000000
dhdl_modified_996.xvg,0.000000,0.000000
dhdl_modified_997.xvg,0.000000,0.000000
dhdl_modified_998.xvg,0.000000,0.000000
dhdl_modified_999.xvg,0.000000,0.000000
dhdl_modified_1000.xvg,0.000000,0.000000
dhdl_modified_1001.xvg,0.000000,0.000000
dhdl_modified_1002.xvg,0.000000,0.000000
dhdl_modified_1003.xvg,0.000000,0.000000
dhdl_modified_1004.xvg,0.000000,0.000000
dhdl_modified_1005.xvg,0.000000,0.000000
dhdl_modified_1006.xvg,0.000000,0.000000
dhdl_modified_1007.xvg,0.000000,0.000000
dhdl_modified_1008.xvg,0.000000,0.000000
dhdl_modified_1009.xvg,0.000000,0.000000
dhdl_modified_1010.xvg,0.000000,0.000000
dhdl_modified_1011.xvg,0.000000,0.000000
dhdl_modified_1012.xvg,0.000000,0.000000
dhdl_modified_1013.xvg,0.000000,0.000000
dhdl_modified_1014.xvg,0.000000,0.000000
dhdl_modified_1015.xvg,0.000000,0.000000
dhdl_modified_1016.xvg,0.000000,0.000000
dhdl_modified_1017.xvg,0.000000,0.000000
dhdl_modified_1018.xvg,0.000000,0.000000
dhdl_modified_1019.xvg,0.000000,0.000000
dhdl_modified_1020.xvg,0.000000,0.000000
dhdl_modified_1021.xvg,0.000000,0.000000
dhdl_modified_1022.xvg,0.000000,0.000000
dhdl_modified_1023.xvg,0.000000,0.000000
dhdl_modified_1024.xvg,0.000000,0.000000
dhdl_modified_1025.xvg,0.000000,0.000000
dhdl_modified_1026.xvg,0.000000,0.000000
dhdl_modified_1027.xvg,0.000000,0.000000
dhdl_modified_1028.xvg,0.000000,0.000000
dhdl_modified_1029.xvg,0.000000,0.000000
dhdl_modified_1030.xvg,0.000000,0.000000
dhdl_modified_1031.xvg,0.000000,0.000000
dhdl_modified_1032.xvg,0.000000,0.000000
dhdl_modified_1033.xvg,0.000000,0.000000
dhdl_modified_1034.xvg,0.000000,0.000000
dhdl_modified_1035.xvg,0.000000,0.000000
dhdl_modified_1036.xvg,0.000000,0.000000
dhdl_modified_1037.xvg,0.000000,0.000000
dhdl_modified_1038.xvg,0.000000,0.000000
dhdl_modified_1039.xvg,0.000000,0.000000
dhdl_modified_1040.xvg,0.000000,0.000000
dhdl_modified_1041.xvg,0.000000,0.000000
dhdl_modified_1042.xvg,0.000000,0.000000
dhdl_modified_1043.xvg,0.000000,0.000000
dhdl_modified_1044.xvg,0.000000,0.000000
dhdl_modified_1045.xvg,0.000000,0.000000
dhdl_modified_1046.xvg,0.000000,0.000000
dhdl_modified_1047.xvg,0.000000,0.000000
dhdl_modified_1048.xvg,0.000000,0.000000
dhdl_modified_1049.xvg,0.000000,0.000000
dhdl_modified_1050.xvg,0.000000,0.000000
dhdl_modified_1051.xvg,0.000000,0.000000
dhdl_modified_1052.xvg,0.000000,0.000000
dhdl_modified_1053.xvg,0.000000,0.000000
dhdl_modified_1054.xvg,0.000000,0.000000
dhdl_modified_1055.xvg,0.000000,0.000000
dhdl_modified_1056.xvg,0.000000,0.000000
dhdl_modified_1057.xvg,0.000000,0.000000
dhdl_modified_1058.xvg,0.000000,0.000000
dhdl_modified_1059.xvg,0.000000,0.000000
dhdl_modified_1060.xvg,0.000000,0.000000
dhdl_modified_1061.xvg,0.000000,0.000000
dhdl_modified_1062.xvg,0.000000,0.000000
dhdl_modified_1063.xvg,0.000000,0.000000
dhdl_modified_1064.xvg,0.000000,0.000000
dhdl_modified_1065.xvg,0.000000,0.000000
dhdl_modified_1066.xvg,0.000000,0.000000
dhdl_modified_1067.xvg,0.000000,0.000000
dhdl_modified_1068.xvg,0.000000,0.000000
dhdl_modified_1069.xvg,0.000000,0.000000
dhdl_modified_1070.xvg,0.000000,0.000000
dhdl_modified_1071.xvg,0.000000,0.000000
dhdl_modified_1072.xvg,0.000000,0.000000
dhdl_modified_1073.xvg,0.000000,0.000000
dhdl_modified_1074.xvg,0.000000,0.000000
dhdl_modified_1075.xvg,0.000000,0.000000
dhdl_modified_1076.xvg,0.000000,0.000000
dhdl_modified_1077.xvg,0.000000,0.000000
dhdl_modified_1078.xvg,0.000000,0.000000
dhdl_modified_1079.xvg,0.000000,0.000000
dhdl_modified_1080.xvg,0.000000,0.000000
dhdl_modified_1081.xvg,0.000000,0.000000
dhdl_modified_1082.xvg,0.000000,0.000000
dhdl_modified_1083.xvg,0.000000,0.000000
dhdl_modified_1084.xvg,0.000000,0.000000
dhdl_modified_1085.xvg,0.000000,0.000000
dhdl_modified_1086.xvg,0.000000,0.000000
dhdl_modified_1087.xvg,0.000000,0.000000
dhdl_modified_1088.xvg,0.000000,0.000000
dhdl_modified_1089.xvg,0.000000,0.000000
dhdl_modified_1090.xvg,0.000000,0.000000
dhdl_modified_1091.xvg,0.000000,0.000000
dhdl_modified_1092.xvg,0.000000,0.000000
dhdl_modified_1093.xvg,0.000000,0.000000
dhdl_modified_1094.xvg,0.000000,0.000000
dhdl_modified_1095.xvg,0.000000,0.000000
dhdl_modified_1096.xvg,0.000000,0.000000
dhdl_modified_1097.xvg,0.000000,0.000000
dhdl_modified_1098.xvg,0.000000,0.000000
dhdl_modified_1099.xvg,0.000000,0.000000
dhdl_modified_1100.xvg,0.000000,0.000000
dhdl_modified_1101.xvg,0.000000,0.000000
dhdl_modified_1102.xvg,0.000000,0.000000
dhdl_modified_1103.xvg,0.000000,0.000000
dhdl_modified_1104.xvg,0.000000,0.000000
dhdl_modified_1105.xvg,0.000000,0.000000
dhdl_modified_1106.xvg,0.000000,0.000000
dhdl_modified_1107.xvg,0.000000,0.000000
dhdl_modified_1108.xvg,0.000000,0.000000
dhdl_modified_1109.xvg,0.000000,0.000000
dhdl_modified_1110.xvg,0.000000,0.000000
dhdl_modified_1111.xvg,0.000000,0.000000
dhdl_modified_1112.xvg,0.000000,0.000000
dhdl_modified_1113.xvg,0.000000,0.000000
dhdl_modified_1114.xvg,0.000000,0.000000
dhdl_modified_1115.xvg,0.000000,0.000000
dhdl_modified_1116.xvg,0.000000,0.000000
dhdl_modified_1117.xvg,0.000000,0.000000
dhdl_modified_1118.xvg,0.000000,0.000000
dhdl_modified_1119.xvg,0.000000,0.000000
dhdl_modified_1120.xvg,0.000000,0.000000
dhdl_modified_1121.xvg,0.000000,0.000000
dhdl_modified_1122.xvg,0.000000,0.000000
dhdl_modified_1123.xvg,0.000000,0.000000
dhdl_modified_1124.xvg,0.000000,0.000000
dhdl_modified_1125.xvg,0.000000,0.000000
dhdl_modified_1126.xvg,0.000000,0.000000
dhdl_modified_1127.xvg,0.000000,0.000000
dhdl_modified_1128.xvg,0.000000,0.000000
dhdl_modified_1129.xvg,0.000000,0.000000
dhdl_modified_1130.xvg,0.000000,0.000000
dhdl_modified_1131.xvg,0.000000,0.000000
dhdl_modified_1132.xvg,0.000000,0.000000
dhdl_modified_1133.xvg,0.000000,0.000000
dhdl_modified_1134.xvg,0.000000,0.000000
dhdl_modified_1135.xvg,0.000000,0.000000
dhdl_modified_1136.xvg,0.000000,0.000000
dhdl_modified_1137.xvg,0.000000,0.000000
dhdl_modified_1138.xvg,0.000000,0.000000
dhdl_modified_1139.xvg,0.000000,0.000000
dhdl_modified_1140.xvg,0.000000,0.000000
dhdl_modified_1141.xvg,0.000000,0.000000
dhdl_modified_1142.xvg,0.000000,0.000000
dhdl_modified_1143.xvg,0.000000,0.000000
dhdl_modified_1144.xvg,0.000000,0.000000
dhdl_modified_1145.xvg,0.000000,0.000000
dhdl_modified_1146.xvg,0.000000,0.000000
dhdl_modified_1147.xvg,0.000000,0.000000
dhdl_modified_1148.xvg,0.000000,0.000000
dhdl_modified_1149.xvg,0.000000,0.000000
dhdl_modified_1150.xvg,0.000000,0.000000
dhdl_modified_1151.xvg,0.000000,0.000000
dhdl_modified_1152.xvg,0.000000,0.000000
dhdl_modified_1153.xvg,0.000000,0.000000
dhdl_modified_1154.xvg,0.000000,0.000000
dhdl_modified_1155.xvg,0.000000,0.000000
dhdl_modified_1156.xvg,0.000000,0.000000
dhdl_modified_1157.xvg,0.000000,0.000000
dhdl_modified_1158.xvg,0.000000,0.000000
dhdl_modified_1159.xvg,0.000000,0.000000
dhdl_modified_1160.xvg,0.000000,0.000000
dhdl_modified_1161.xvg,0.000000,0.000000
dhdl_modified_1162.xvg,0.000000,0.000000
dhdl_modified_1163.xvg,0.000000,0.000000
dhdl_modified_1164.xvg,0.000000,0.000000
dhdl_modified_1165.xvg,0.000000,0.000000
dhdl_modified_1166.xvg,0.000000,0.000000
dhdl_modified_1167.xvg,0.000000,0.000000
dhdl_modified_1168.xvg,0.000000,0.000000
dhdl_modified_1169.xvg,0.000000,0.000000
dhdl_modified_1170.xvg,0.000000,0.000000
dhdl_modified_1171.xvg,0.000000,0.000000
dhdl_modified_1172.xvg,0.000000,0.000000
dhdl_modified_1173.xvg,0.000000,0.000000
dhdl_modified_1174.xvg,0.000000,0.000000
dhdl_modified_1175.xvg,0.000000,0.000000
dhdl_modified_1176.xvg,0.000000,0.000000
dhdl_modified_1177.xvg,0.000000,0.000000
dhdl_modified_1178.xvg,0.000000,0.000000
dhdl_modified_1179.xvg,0.000000,0.000000
dhdl_modified_1180.xvg,0.000000,0.000000
dhdl_modified_1181.xvg,0.000000,0.000000
dhdl_modified_1182.xvg,0.000000,0.000000
dhdl_modified_1183.xvg,0.000000,0.000000
dhdl_modified_1184.xvg,0.000000,0.000000
dhdl_modified_1185.xvg,0.000000,0.000000
dhdl_modified_1186.xvg,0.000000,0.000000
dhdl_modified_1187.xvg,0.000000,0.000000
dhdl_modified_1188.xvg,0.000000,0.000000
dhdl_modified_1189.xvg,0.000000,0.000000
dhdl_modified_1190.xvg,0.000000,0.000000
dhdl_modified_1191.xvg,0.000000,0.000000
dhdl_modified_1192.xvg,0.000000,0.000000
dhdl_modified_1193.xvg,0.000000,0.000000
dhdl_modified_1194.xvg,0.000000,0.000000
dhdl_modified_1195.xvg,0.000000,0.000000
dhdl_modified_1196.xvg,0.000000,0.000000
dhdl_modified_1197.xvg,0.000000,0.000000
dhdl_modified_1198.xvg,0.000000,0.000000
dhdl_modified_1199.xvg,0.000000,0.000000
dhdl_modified_1200.xvg,0.000000,0.000000
dhdl_modified_1201.xvg,0.000000,0.000000
dhdl_modified_1202.xvg,0.000000,0.000000
dhdl_modified_1203.xvg,0.000000,0.000000
dhdl_modified_1204.xvg,0.000000,0.000000
dhdl_modified_1205.xvg,0.000000,0.000000
dhdl_modified_1206.xvg,0.000000,0.000000
dhdl_modified_1207.xvg,0.000000,0.000000
dhdl_modified_1208.xvg,0.000000,0.000000
dhdl_modified_1209.xvg,0.000000,0.000000
dhdl_modified_1210.xvg,0.000000,0.000000
dhdl_modified_1211.xvg,0.000000,0.000000
dhdl_modified_1212.xvg,0.000000,0.000000
dhdl_modified_1213.xvg,0.000000,0.000000
dhdl_modified_1214.xvg,0.000000,0.000000
dhdl_modified_1215.xvg,0.000000,0.000000
dhdl_modified_1216.xvg,0.000000,0.000000
dhdl_modified_1217.xvg,0.000000,0.000000
dhdl_modified_1218.xvg,0.000000,0.000000
dhdl_modified_1219.xvg,0.000000,0.000000
dhdl_modified_1220.xvg,0.000000,0.000000
dhdl_modified_1221.xvg,0.000000,0.000000
dhdl_modified_1222.xvg,0.000000,0.000000
dhdl_modified_1223.xvg,0.000000,0.000000
dhdl_modified_1224.xvg,0.000000,0.000000
dhdl_modified_1225.xvg,0.000000,0.000000
dhdl_modified_1226.xvg,0.000000,0.000000
dhdl_modified_1227.xvg,0.000000,0.000000
dhdl_modified_1228.xvg,0.000000,0.000000
dhdl_modified_1229.xvg,0.000000,0.000000
dhdl_modified_1230.xvg,0.000000,0.000000
dhdl_modified_1231.xvg,0.000000,0.000000
dhdl_modified_1232.xvg,0.000000,0.000000
dhdl_modified_1233.xvg,0.000000,0.000000
dhdl_modified_1234.xvg,0.000000,0.000000
dhdl_modified_1235.xvg,0.000000,0.000000
dhdl_modified_1236.xvg,0.000000,0.000000
dhdl_modified_1237.xvg,0.000000,0.000000
dhdl_modified_1238.xvg,0.000000,0.000000
dhdl_modified_1239.xvg,0.000000,0.000000
dhdl_modified_1240.xvg,0.000000,0.000000
dhdl_modified_1241.xvg,0.000000,0.000000
dhdl_modified_1242.xvg,0.000000,0.000000
dhdl_modified_1243.xvg,0.000000,0.000000
dhdl_modified_1244.xvg,0.000000,0.000000
dhdl_modified_1245.xvg,0.000000,0.000000
dhdl_modified_1246.xvg,0.000000,0.000000
dhdl_modified_1247.xvg,0.000000,0.000000
dhdl_modified_1248.xvg,0.000000,0.000000
dhdl_modified_1249.xvg,0.000000,0.000000
dhdl_modified_1250.xvg,0.000000,0.000000
dhdl_modified_1251.xvg,0.000000,0.000000
dhdl_modified_1252.xvg,0.000000,0.000000
dhdl_modified_1253.xvg,0.000000,0.000000
dhdl_modified_1254.xvg,0.000000,0.000000
dhdl_modified_1255.xvg,0.000000,0.000000
dhdl_modified_1256.xvg,0.000000,0.000000
dhdl_modified_1257.xvg,0.000000,0.000000
dhdl_modified_1258.xvg,0.000000,0.000000
dhdl_modified_1259.xvg,0.000000,0.000000
dhdl_modified_1260.xvg,0.000000,0.000000
dhdl_modified_1261.xvg,0.000000,0.000000
dhdl_modified_1262.xvg,0.000000,0.000000
dhdl_modified_1263.xvg,0.000000,0.000000
dhdl_modified_1264.xvg,0.000000,0.000000
dhdl_modified_1265.xvg,0.000000,0.000000
dhdl_modified_1266.xvg,0.000000,0.000000
dhdl_modified_1267.xvg,0.000000,0.000000
dhdl_modified_1268.xvg,0.000000,0.000000
dhdl_modified_1269.xvg,0.000000,0.000000
dhdl_modified_1270.xvg,0.000000,0.000000
dhdl_modified_1271.xvg,0.000000,0.000000
dhdl_modified_1272.xvg,0.000000,0.000000
dhdl_modified_1273.xvg,0.000000,0.000000
dhdl_modified_1274.xvg,0.000000,0.000000
dhdl_modified_1275.xvg,0.000000,0.000000
dhdl_modified_1276.xvg,0.000000,0.000000
dhdl_modified_1277.xvg,0.000000,0.000000
dhdl_modified_1278.xvg,0.000000,0.000000
dhdl_modified_1279.xvg,0.000000,0.000000
dhdl_modified_1280.xvg,0.000000,0.000000
dhdl_modified_1281.xvg,0.000000,0.000000
dhdl_modified_1282.xvg,0.000000,0.000000
dhdl_modified_1283.xvg,0.000000,0.000000
dhdl_modified_1284.xvg,0.000000,0.000000
dhdl_modified_1285.xvg,0.000000,0.000000
dhdl_modified_1286.xvg,0.000000,0.000000
dhdl_modified_1287.xvg,0.000000,0.000000
dhdl_modified_1288.xvg,0.000000,0.000000
dhdl_modified_1289.xvg,0.000000,0.000000
dhdl_modified_1290.xvg,0.000000,0.000000
dhdl_modified_1291.xvg,0.000000,0.000000
dhdl_modified_1292.xvg,0.000000,0.000000
dhdl_modified_1293.xvg,0.000000,0.000000
dhdl_modified_1294.xvg,0.000000,0.000000
dhdl_modified_1295.xvg,0.000000,0.000000
dhdl_modified_1296.xvg,0.000000,0.000000
dhdl_modified_1297.xvg,0.000000,0.000000
dhdl_modified_1298.xvg,0.000000,0.000000
dhdl_modified_1299.xvg,0.000000,0.000000
dhdl_modified_1300.xvg,0.000000,0.000000
dhdl_modified_1301.xvg,0.000000,0.000000
dhdl_modified_1302.xvg,0.000000,0.000000
dhdl_modified_1303.xvg,0.000000,0.000000
dhdl_modified_1304.xvg,0.000000,0.000000
dhdl_modified_1305.xvg,0.000000,0.000000
dhdl_modified_1306.xvg,0.000000,0.000000
dhdl_modified_1307.xvg,0.000000,0.000000
dhdl_modified_1308.xvg,0.000000,0.000000
dhdl_modified_1309.xvg,0.000000,0.000000
dhdl_modified_1310.xvg,0.000000,0.000000
dhdl_modified_1311.xvg,0.000000,0.000000
dhdl_modified_1312.xvg,0.000000,0.000000
dhdl_modified_1313.xvg,0.000000,0.000000
dhdl_modified_1314.xvg,0.000000,0.000000
dhdl_modified_1315.xvg,0.000000,0.000000
dhdl_modified_1316.xvg,0.000000,0.000000
dhdl_modified_1317.xvg,0.000000,0.000000
dhdl_modified_1318.xvg,0.000000,0.000000
dhdl_modified_1319.xvg,0.000000,0.000000
dhdl_modified_1320.xvg,0.000000,0.000000
dhdl_modified_1321.xvg,0.000000,0.000000
dhdl_modified_1322.xvg,0.000000,0.000000
dhdl_modified_1323.xvg,0.000000,0.000000
dhdl_modified_1324.xvg,0.000000,0.000000
dhdl_modified_1325.xvg,0.000000,0.000000
dhdl_modified_1326.xvg,0.000000,0.000000
dhdl_modified_1327.xvg,0.000000,0.000000
dhdl_modified_1328.xvg,0.000000,0.000000
dhdl_modified_1329.xvg,0.000000,0.000000
dhdl_modified_1330.xvg,0.000000,0.000000
dhdl_modified_1331.xvg,0.000000,0.000000
dhdl_modified_1332.xvg,0.000000,0.000000
dhdl_modified_1333.xvg,0.000000,0.000000
dhdl_modified_1334.xvg,0.000000,0.000000
dhdl_modified_1335.xvg,0.000000,0.000000
dhdl_modified_1336.xvg,0.000000,0.000000
dhdl_modified_1337.xvg,0.000000,0.000000
dhdl_modified_1338.xvg,0.000000,0.000000
dhdl_modified_1339.xvg,0.000000,0.000000
dhdl_modified_1340.xvg,0.000000,0.000000
dhdl_modified_1341.xvg,0.000000,0.000000
dhdl_modified_1342.xvg,0.000000,0.000000
dhdl_modified_1343.xvg,0.000000,0.000000
dhdl_modified_1344.xvg,0.000000,0.000000
dhdl_modified_1345.xvg,0.000000,0.000000
dhdl_modified_1346.xvg,0.000000,0.000000
dhdl_modified_1347.xvg,0.000000,0.000000
dhdl_modified_1348.xvg,0.000000,0.000000
dhdl_modified_1349.xvg,0.000000,0.000000
dhdl_modified_1350.xvg,0.000000,0.000000
dhdl_modified_1351.xvg,0.000000,0.000000
dhdl_modified_1352.xvg,0.000000,0.000000
dhdl_modified_1353.xvg,0.000000,0.000000
dhdl_modified_1354.xvg,0.000000,0.000000
dhdl_modified_1355.xvg,0.000000,0.000000
dhdl_modified_1356.xvg,0.000000,0.000000
dhdl_modified_1357.xvg,0.000000,0.000000
dhdl_modified_1358.xvg,0.000000,0.000000
dhdl_modified_1359.xvg,0.000000,0.000000
dhdl_modified_1360.xvg,0.000000,0.000000
dhdl_modified_1361.xvg,0.000000,0.000000
dhdl_modified_1362.xvg,0.000000,0.000000
dhdl_modified_1363.xvg,0.000000,0.000000
dhdl_modified_1364.xvg,0.000000,0.000000
dhdl_modified_1365.xvg,0.000000,0.000000
dhdl_modified_1366.xvg,0.000000,0.000000
dhdl_modified_1367.xvg,0.000000,0.000000
dhdl_modified_1368.xvg,0.000000,0.000000
dhdl_modified_1369.xvg,0.000000,0.000000
dhdl_modified_1370.xvg,0.000000,0.000000
dhdl_modified_1371.xvg,0.000000,0.000000
dhdl_modified_1372.xvg,0.000000,0.000000
dhdl_modified_1373.xvg,0.000000,0.000000
dhdl_modified_1374.xvg,0.000000,0.000000
dhdl_modified_1375.xvg,0.000000,0.000000
dhdl_modified_1376.xvg,0.000000,0.000000
dhdl_modified_1377.xvg,0.000000,0.000000
dhdl_modified_1378.xvg,0.000000,0.000000
dhdl_modified_1379.xvg,0.000000,0.000000
dhdl_modified_1380.xvg,0.000000,0.000000
dhdl_modified_1381.xvg,0.000000,0.000000
dhdl_modified_1382.xvg,0.000000,0.000000
dhdl_modified_1383.xvg,0.000000,0.000000
dhdl_modified_1384.xvg,0.000000,0.000000
dhdl_modified_1385.xvg,0.000000,0.000000
dhdl_modified_1386.xvg,0.000000,0.000000
dhdl_modified_1387.xvg,0.000000,0.000000
dhdl_modified_1388.xvg,0.000000,0.000000
dhdl_modified_1389.xvg,0.000000,0.000000
dhdl_modified_1390.xvg,0.000000,0.000000
dhdl_modified_1391.xvg,0.000000,0.000000
dhdl_modified_1392.xvg,0.000000,0.000000
dhdl_modified_1393.xvg,0.000000,0.000000
dhdl_modified_1394.xvg,0.000000,0.000000
dhdl_modified_1395.xvg,0.000000,0.000000
dhdl_modified_1396.xvg,0.000000,0.000000
dhdl_modified_1397.xvg,0.000000,0.000000
dhdl_modified_1398.xvg,0.000000,0.000000
dhdl_modified_1399.xvg,0.000000,0.000000
dhdl_modified_1400.xvg,0.000000,0.000000
dhdl_modified_1401.xvg,0.000000,0.000000
dhdl_modified_1402.xvg,0.000000,0.000000
dhdl_modified_1403.xvg,0.000000,0.000000
dhdl_modified_1404.xvg,0.000000,0.000000
dhdl_modified_1405.xvg,0.000000,0.000000
dhdl_modified_1406.xvg,0.000000,0.000000
dhdl_modified_1407.xvg,0.000000,0.000000
dhdl_modified_1408.xvg,0.000000,0.000000
dhdl_modified_1409.xvg,0.000000,0.000000
dhdl_modified_1410.xvg,0.000000,0.000000
dhdl_modified_1411.xvg,0.000000,0.000000
dhdl_modified_1412.xvg,0.000000,0.000000
dhdl_modified_1413.xvg,0.000000,0.000000
dhdl_modified_1414.xvg,0.000000,0.000000
dhdl_modified_1415.xvg,0.000000,0.000000
dhdl_modified_1416.xvg,0.000000,0.000000
dhdl_modified_1417.xvg,0.000000,0.000000
dhdl_modified_1418.xvg,0.000000,0.000000
dhdl_modified_1419.xvg,0.000000,0.000000
dhdl_modified_1420.xvg,0.000000,0.000000
dhdl_modified_1421.xvg,0.000000,0.000000
dhdl_modified_1422.xvg,0.000000,0.000000
dhdl_modified_1423.xvg,0.000000,0.000000
dhdl_modified_1424.xvg,0.000000,0.000000
dhdl_modified_1425.xvg,0.000000,0.000000
dhdl_modified_1426.xvg,0.000000,0.000000
dhdl_modified_1427.xvg,0.000000,0.000000
dhdl_modified_1428.xvg,0.000000,0.000000
dhdl_modified_1429.xvg,0.000000,0.000000
dhdl_modified_1430.xvg,0.000000,0.000000
dhdl_modified_1431.xvg,0.000000,0.000000
dhdl_modified_1432.xvg,0.000000,0.000000
dhdl_modified_1433.xvg,0.000000,0.000000
dhdl_modified_1434.xvg,0.000000,0.000000
dhdl_modified_1435.xvg,0.000000,0.000000
dhdl_modified_1436.xvg,0.000000,0.000000
dhdl_modified_1437.xvg,0.000000,0.000000
dhdl_modified_1438.xvg,0.000000,0.000000
dhdl_modified_1439.xvg,0.000000,0.000000
dhdl_modified_1440.xvg,0.000000,0.000000
dhdl_modified_1441.xvg,0.000000,0.000000
dhdl_modified_1442.xvg,0.000000,0.000000
dhdl_modified_1443.xvg,0.000000,0.000000
dhdl_modified_1444.xvg,0.000000,0.000000
dhdl_modified_1445.xvg,0.000000,0.000000
dhdl_modified_1446.xvg,0.000000,0.000000
dhdl_modified_1447.xvg,0.000000,0.000000
dhdl_modified_1448.xvg,0.000000,0.000000
dhdl_modified_1449.xvg,0.000000,0.000000
dhdl_modified_1450.xvg,0.000000,0.000000
dhdl_modified_1451.xvg,0.000000,0.000000
dhdl_modified_1452.xvg,0.000000,0.000000
dhdl_modified_1453.xvg,0.000000,0.000000
dhdl_modified_1454.xvg,0.000000,0.000000
dhdl_modified_1455.xvg,0.000000,0.000000
dhdl_modified_1456.xvg,0.000000,0.000000
dhdl_modified_1457.xvg,0.000000,0.000000
dhdl_modified_1458.xvg,0.000000,0.000000
dhdl_modified_1459.xvg,0.000000,0.000000
dhdl_modified_1460.xvg,0.000000,0.000000
dhdl_modified_1461.xvg,0.000000,0.000000
dhdl_modified_1462.xvg,0.000000,0.000000
dhdl_modified_1463.xvg,0.000000,0.000000
dhdl_modified_1464.xvg,0.000000,0.000000
dhdl_modified_1465.xvg,0.000000,0.000000
dhdl_modified_1466.xvg,0.000000,0.000000
dhdl_modified_1467.xvg,0.000000,0.000000
dhdl_modified_1468.xvg,0.000000,0.000000
dhdl_modified_1469.xvg,0.000000,0.000000
dhdl_modified_1470.xvg,0.000000,0.000000
dhdl_modified_1471.xvg,0.000000,0.000000
dhdl_modified_1472.xvg,0.000000,0.000000
dhdl_modified_1473.xvg,0.000000,0.000000
dhdl_modified_1474.xvg,0.000000,0.000000
dhdl_modified_1475.xvg,0.000000,0.000000
dhdl_modified_1476.xvg,0.000000,0.000000
dhdl_modified_1477.xvg,0.000000,0.000000
dhdl_modified_1478.xvg,0.000000,0.000000
dhdl_modified_1479.xvg,0.000000,0.000000
dhdl_modified_1480.xvg,0.000000,0.000000
dhdl_modified_1481.xvg,0.000000,0.000000
dhdl_modified_1482.xvg,0.000000,0.000000
dhdl_modified_1483.xvg,0.000000,0.000000
dhdl_modified_1484.xvg,0.000000,0.000000
dhdl_modified_1485.xvg,0.000000,0.000000
dhdl_modified_1486.xvg,0.000000,0.000000
dhdl_modified_1487.xvg,0.000000,0.000000
dhdl_modified_1488.xvg,0.000000,0.000000
dhdl_modified_1489.xvg,0.000000,0.000000
dhdl_modified_1490.xvg,0.000000,0.000000
dhdl_modified_1491.xvg,0.000000,0.000000
dhdl_modified_1492.xvg,0.000000,0.000000
dhdl_modified_1493.xvg,0.000000,0.000000
dhdl_modified_1494.xvg,0.000000,0.000000
dhdl_modified_1495.xvg,0.000000,0.000000
dhdl_modified_1496.xvg,0.000000,0.000000
dhdl_modified_1497.xvg,0.000000,0.000000
dhdl_modified_1498.xvg,0.000000,0.000000
dhdl_modified_1499.xvg,0.000000,0.000000
dhdl_modified_1500.xvg,0.000000,0.000000
dhdl_modified_1501.xvg,0.000000,0.000000
dhdl_modified_1502.xvg,0.000000,0.000000
dhdl_modified_1503.xvg,0.000000,0.000000
dhdl_modified_1504.xvg,0.000000,0.000000
dhdl_modified_1505.xvg,0.000000,0.000000
dhdl_modified_1506.xvg,0.000000,0.000000
dhdl_modified_1507.xvg,0.000000,0.000000
dhdl_modified_1508.xvg,0.000000,0.000000
dhdl_modified_1509.xvg,0.000000,0.000000
dhdl_modified_1510.xvg,0.000000,0.000000
dhdl_modified_1511.xvg,0.000000,0.000000
dhdl_modified_1512.xvg,0.000000,0.000000
dhdl_modified_1513.xvg,0.000000,0.000000
dhdl_modified_1514.xvg,0.000000,0.000000
dhdl_modified_1515.xvg,0.000000,0.000000
dhdl_modified_1516.xvg,0.000000,0.000000
dhdl_modified_1517.xvg,0.000000,0.000000
dhdl_modified_1518.xvg,0.000000,0.000000
dhdl_modified_1519.xvg,0.000000,0.000000
dhdl_modified_1520.xvg,0.000000,0.000000
dhdl_modified_1521.xvg,0.000000,0.000000
dhdl_modified_1522.xvg,0.000000,0.000000
dhdl_modified_1523.xvg,0.000000,0.000000
dhdl_modified_1524.xvg,0.000000,0.000000
dhdl_modified_1525.xvg,0.000000,0.000000
dhdl_modified_1526.xvg,0.000000,0.000000
dhdl_modified_1527.xvg,0.000000,0.000000
dhdl_modified_1528.xvg,0.000000,0.000000
dhdl_modified_1529.xvg,0.000000,0.000000
dhdl_modified_1530.xvg,0.000000,0.000000
dhdl_modified_1531.xvg,0.000000,0.000000
dhdl_modified_1532.xvg,0.000000,0.000000
dhdl_modified_1533.xvg,0.000000,0.000000
dhdl_modified_1534.xvg,0.000000,0.000000
dhdl_modified_1535.xvg,0.000000,0.000000
dhdl_modified_1536.xvg,0.000000,0.000000
dhdl_modified_1537.xvg,0.000000,0.000000
dhdl_modified_1538.xvg,0.000000,0.000000
dhdl_modified_1539.xvg,0.000000,0.000000
dhdl_modified_1540.xvg,0.000000,0.000000
dhdl_modified_1541.xvg,0.000000,0.000000
dhdl_modified_1542.xvg,0.000000,0.000000
dhdl_modified_1543.xvg,0.000000,0.000000
dhdl_modified_1544.xvg,0.000000,0.000000
dhdl_modified_1545.xvg,0.000000,0.000000
dhdl_modified_1546.xvg,0.000000,0.000000
dhdl_modified_1547.xvg,0.000000,0.000000
dhdl_modified_1548.xvg,0.000000,0.000000
dhdl_modified_1549.xvg,0.000000,0.000000
dhdl_modified_1550.xvg,0.000000,0.000000
dhdl_modified_1551.xvg,0.000000,0.000000
dhdl_modified_1552.xvg,0.000000,0.000000
dhdl_modified_1553.xvg,0.000000,0.000000
dhdl_modified_1554.xvg,0.000000,0.000000
dhdl_modified_1555.xvg,0.000000,0.000000
dhdl_modified_1556.xvg,0.000000,0.000000
dhdl_modified_1557.xvg,0.000000,0.000000
dhdl_modified_1558.xvg,0.000000,0.000000
dhdl_modified_1559.xvg,0.000000,0.000000
dhdl_modified_1560.xvg,0.000000,0.000000
dhdl_modified_1561.xvg,0.000000,0.000000
dhdl_modified_1562.xvg,0.000000,0.000000
dhdl_modified_1563.xvg,0.000000,0.000000
dhdl_modified_1564.xvg,0.000000,0.000000
dhdl_modified_1565.xvg,0.000000,0.000000
dhdl_modified_1566.xvg,0.000000,0.000000
dhdl_modified_1567.xvg,0.000000,0.000000
dhdl_modified_1568.xvg,0.000000,0.000000
dhdl_modified_1569.xvg,0.000000,0.000000
dhdl_modified_1570.xvg,0.000000,0.000000
dhdl_modified_1571.xvg,0.000000,0.000000
dhdl_modified_1572.xvg,0.000000,0.000000
dhdl_modified_1573.xvg,0.000000,0.000000
dhdl_modified_1574.xvg,0.000000,0.000000
dhdl_modified_1575.xvg,0.000000,0.000000
dhdl_modified_1576.xvg,0.000000,0.000000
dhdl_modified_1577.xvg,0.000000,0.000000
dhdl_modified_1578.xvg,0.000000,0.000000
dhdl_modified_1579.xvg,0.000000,0.000000
dhdl_modified_1580.xvg,0.000000,0.000000
dhdl_modified_1581.xvg,0.000000,0.000000
dhdl_modified_1582.xvg,0.000000,0.000000
dhdl_modified_1583.xvg,0.000000,0.000000
dhdl_modified_1584.xvg,0.000000,0.000000
dhdl_modified_1585.xvg,0.000000,0.000000
dhdl_modified_1586.xvg,0.000000,0.000000
dhdl_modified_1587.xvg,0.000000,0.000000
dhdl_modified_1588.xvg,0.000000,0.000000
dhdl_modified_1589.xvg,0.000000,0.000000
dhdl_modified_1590.xvg,0.000000,0.000000
dhdl_modified_1591.xvg,0.000000,0.000000
dhdl_modified_1592.xvg,0.000000,0.000000
dhdl_modified_1593.xvg,0.000000,0.000000
dhdl_modified_1594.xvg,0.000000,0.000000
dhdl_modified_1595.xvg,0.000000,0.000000
dhdl_modified_1596.xvg,0.000000,0.000000
dhdl_modified_1597.xvg,0.000000,0.000000
dhdl_modified_1598.xvg,0.000000,0.000000
dhdl_modified_1599.xvg,0.000000,0.000000
dhdl_modified_1600.xvg,0.000000,0.000000
dhdl_modified_1601.xvg,0.000000,0.000000
dhdl_modified_1602.xvg,0.000000,0.000000
dhdl_modified_1603.xvg,0.000000,0.000000
dhdl_modified_1604.xvg,0.000000,0.000000
dhdl_modified_1605.xvg,0.000000,0.000000
dhdl_modified_1606.xvg,0.000000,0.000000
dhdl_modified_1607.xvg,0.000000,0.000000
dhdl_modified_1608.xvg,0.000000,0.000000
dhdl_modified_1609.xvg,0.000000,0.000000
dhdl_modified_1610.xvg,0.000000,0.000000
dhdl_modified_1611.xvg,0.000000,0.000000
dhdl_modified_1612.xvg,0.000000,0.000000
dhdl_modified_1613.xvg,0.000000,0.000000
dhdl_modified_1614.xvg,0.000000,0.000000
dhdl_modified_1615.xvg,0.000000,0.000000
dhdl_modified_1616.xvg,0.000000,0.000000
dhdl_modified_1617.xvg,0.000000,0.000000
dhdl_modified_1618.xvg,0.000000,0.000000
dhdl_modified_1619.xvg,0.000000,0.000000
dhdl_modified_1620.xvg,0.000000,0.000000
dhdl_modified_1621.xvg,0.000000,0.000000
dhdl_modified_1622.xvg,0.000000,0.000000
dhdl_modified_1623.xvg,0.000000,0.000000
dhdl_modified_1624.xvg,0.000000,0.000000
dhdl_modified_1625.xvg,0.000000,0.000000
dhdl_modified_1626.xvg,0.000000,0.000000
dhdl_modified_1627.xvg,0.000000,0.000000
dhdl_modified_1628.xvg,0.000000,0.000000
dhdl_modified_1629.xvg,0.000000,0.000000
dhdl_modified_1630.xvg,0.000000,0.000000
dhdl_modified_1631.xvg,0.000000,0.000000
dhdl_modified_1632.xvg,0.000000,0.000000
dhdl_modified_1633.xvg,0.000000,0.000000
dhdl_modified_1634.xvg,0.000000,0.000000
dhdl_modified_1635.xvg,0.000000,0.000000
dhdl_modified_1636.xvg,0.000000,0.000000
dhdl_modified_1637.xvg,0.000000,0.000000
dhdl_modified_1638.xvg,0.000000,0.000000
dhdl_modified_1639.xvg,0.000000,0.000000
dhdl_modified_1640.xvg,0.000000,0.000000
dhdl_modified_1641.xvg,0.000000,0.000000
dhdl_modified_1642.xvg,0.000000,0.000000
dhdl_modified_1643.xvg,0.000000,0.000000
dhdl_modified_1644.xvg,0.000000,0.000000
dhdl_modified_1645.xvg,0.000000,0.000000
dhdl_modified_1646.xvg,0.000000,0.000000
dhdl_modified_1647.xvg,0.000000,0.000000
dhdl_modified_1648.xvg,0.000000,0.000000
dhdl_modified_1649.xvg,0.000000,0.000000
dhdl_modified_1650.xvg,0.000000,0.000000
dhdl_modified_1651.xvg,0.000000,0.000000
dhdl_modified_1652.xvg,0.000000,0.000000
dhdl_modified_1653.xvg,0.000000,0.000000
dhdl_modified_1654.xvg,0.000000,0.000000
dhdl_modified_1655.xvg,0.000000,0.000000
dhdl_modified_1656.xvg,0.000000,0.000000
dhdl_modified_1657.xvg,0.000000,0.000000
dhdl_modified_1658.xvg,0.000000,0.000000
dhdl_modified_1659.xvg,0.000000,0.000000
dhdl_modified_1660.xvg,0.000000,0.000000
dhdl_modified_1661.xvg,0.000000,0.000000
dhdl_modified_1662.xvg,0.000000,0.000000
dhdl_modified_1663.xvg,0.000000,0.000000
dhdl_modified_1664.xvg,0.000000,0.000000
dhdl_modified_1665.xvg,0.000000,0.000000
dhdl_modified_1666.xvg,0.000000,0.000000
dhdl_modified_1667.xvg,0.000000,0.000000
dhdl_modified_1668.xvg,0.000000,0.000000
dhdl_modified_1669.xvg,0.000000,0.000000
dhdl_modified_1670.xvg,0.000000,0.000000
dhdl_modified_1671.xvg,0.000000,0.000000
dhdl_modified_1672.xvg,0.000000,0.000000
dhdl_modified_1673.xvg,0.000000,0.000000
dhdl_modified_1674.xvg,0.000000,0.000000
dhdl_modified_1675.xvg,0.000000,0.000000
dhdl_modified_1676.xvg,0.000000,0.000000
dhdl_modified_1677.xvg,0.000000,0.000000
dhdl_modified_1678.xvg,0.000000,0.000000
dhdl_modified_1679.xvg,0.000000,0.000000
dhdl_modified_1680.xvg,0.000000,0.000000
dhdl_modified_1681.xvg,0.000000,0.000000
dhdl_modified_1682.xvg,0.000000,0.000000
dhdl_modified_1683.xvg,0.000000,0.000000
dhdl_modified_1684.xvg,0.000000,0.000000
dhdl_modified_1685.xvg,0.000000,0.000000
dhdl_modified_1686.xvg,0.000000,0.000000
dhdl_modified_1687.xvg,0.000000,0.000000
dhdl_modified_1688.xvg,0.000000,0.000000
dhdl_modified_1689.xvg,0.000000,0.000000
dhdl_modified_1690.xvg,0.000000,0.000000
dhdl_modified_1691.xvg,0.000000,0.000000
dhdl_modified_1692.xvg,0.000000,0.000000
dhdl_modified_1693.xvg,0.000000,0.000000
dhdl_modified_1694.xvg,0.000000,0.000000
dhdl_modified_1695.xvg,0.000000,0.000000
dhdl_modified_1696.xvg,0.000000,0.000000
dhdl_modified_1697.xvg,0.000000,0.000000
dhdl_modified_1698.xvg,0.000000,0.000000
dhdl_modified_1699.xvg,0.000000,0.000000
dhdl_modified_1700.xvg,0.000000,0.000000
dhdl_modified_1701.xvg,0.000000,0.000000
dhdl_modified_1702.xvg,0.000000,0.000000
dhdl_modified_1703.xvg,0.000000,0.000000
dhdl_modified_1704.xvg,0.000000,0.000000
dhdl_modified_1705.xvg,0.000000,0.000000
dhdl_modified_1706.xvg,0.000000,0.000000
dhdl_modified_1707.xvg,0.000000,0.000000
dhdl_modified_1708.xvg,0.000000,0.000000
dhdl_modified_1709.xvg,0.000000,0.000000
dhdl_modified_1710.xvg,0.000000,0.000000
dhdl_modified_1711.xvg,0.000000,0.000000
dhdl_modified_1712.xvg,0.000000,0.000000
dhdl_modified_1713.xvg,0.000000,0.000000
dhdl_modified_1714.xvg,0.000000,0.000000
dhdl_modified_1715.xvg,0.000000,0.000000
dhdl_modified_1716.xvg,0.000000,0.000000
dhdl_modified_1717.xvg,0.000000,0.000000
dhdl_modified_1718.xvg,0.000000,0.000000
dhdl_modified_1719.xvg,0.000000,0.000000
dhdl_modified_1720.xvg,0.000000,0.000000
dhdl_modified_1721.xvg,0.000000,0.000000
dhdl_modified_1722.xvg,0.000000,0.000000
dhdl_modified_1723.xvg,0.000000,0.000000
dhdl_modified_1724.xvg,0.000000,0.000000
dhdl_modified_1725.xvg,0.000000,0.000000
dhdl_modified_1726.xvg,0.000000,0.000000
dhdl_modified_1727.xvg,0.000000,0.000000
dhdl_modified_1728.xvg,0.000000,0.000000
dhdl_modified_1729.xvg,0.000000,0.000000
dhdl_modified_1730.xvg,0.000000,0.000000
dhdl_modified_1731.xvg,0.000000,0.000000
dhdl_modified_1732.xvg,0.000000,0.000000
dhdl_modified_1733.xvg,0.000000,0.000000
dhdl_modified_1734.xvg,0.000000,0.000000
dhdl_modified_1735.xvg,0.000000,0.000000
dhdl_modified_1736.xvg,0.000000,0.000000
dhdl_modified_1737.xvg,0.000000,0.000000
dhdl_modified_1738.xvg,0.000000,0.000000
dhdl_modified_1739.xvg,0.000000,0.000000
dhdl_modified_1740.xvg,0.000000,0.000000
dhdl_modified_1741.xvg,0.000000,0.000000
dhdl_modified_1742.xvg,0.000000,0.000000
dhdl_modified_1743.xvg,0.000000,0.000000
dhdl_modified_1744.xvg,0.000000,0.000000
dhdl_modified_1745.xvg,0.000000,0.000000
dhdl_modified_1746.xvg,0.000000,0.000000
dhdl_modified_1747.xvg,0.000000,0.000000
dhdl_modified_1748.xvg,0.000000,0.000000
dhdl_modified_1749.xvg,0.000000,0.000000
dhdl_modified_1750.xvg,0.000000,0.000000
dhdl_modified_1751.xvg,0.000000,0.000000
dhdl_modified_1752.xvg,0.000000,0.000000
dhdl_modified_1753.xvg,0.000000,0.000000
dhdl_modified_1754.xvg,0.000000,0.000000
dhdl_modified_1755.xvg,0.000000,0.000000
dhdl_modified_1756.xvg,0.000000,0.000000
dhdl_modified_1757.xvg,0.000000,0.000000
dhdl_modified_1758.xvg,0.000000,0.000000
dhdl_modified_1759.xvg,0.000000,0.000000
dhdl_modified_1760.xvg,0.000000,0.000000
dhdl_modified_1761.xvg,0.000000,0.000000
dhdl_modified_1762.xvg,0.000000,0.000000
dhdl_modified_1763.xvg,0.000000,0.000000
dhdl_modified_1764.xvg,0.000000,0.000000
dhdl_modified_1765.xvg,0.000000,0.000000
dhdl_modified_1766.xvg,0.000000,0.000000
dhdl_modified_1767.xvg,0.000000,0.000000
dhdl_modified_1768.xvg,0.000000,0.000000
dhdl_modified_1769.xvg,0.000000,0.000000
dhdl_modified_1770.xvg,0.000000,0.000000
dhdl_modified_1771.xvg,0.000000,0.000000
dhdl_modified_1772.xvg,0.000000,0.000000
dhdl_modified_1773.xvg,0.000000,0.000000
dhdl_modified_1774.xvg,0.000000,0.000000
dhdl_modified_1775.xvg,0.000000,0.000000
dhdl_modified_1776.xvg,0.000000,0.000000
dhdl_modified_1777.xvg,0.000000,0.000000
dhdl_modified_1778.xvg,0.000000,0.000000
dhdl_modified_1779.xvg,0.000000,0.000000
dhdl_modified_1780.xvg,0.000000,0.000000
dhdl_modified_1781.xvg,0.000000,0.000000
dhdl_modified_1782.xvg,0.000000,0.000000
dhdl_modified_1783.xvg,0.000000,0.000000
dhdl_modified_1784.xvg,0.000000,0.000000
dhdl_modified_1785.xvg,0.000000,0.000000
dhdl_modified_1786.xvg,0.000000,0.000000
dhdl_modified_1787.xvg,0.000000,0.000000
dhdl_modified_1788.xvg,0.000000,0.000000
dhdl_modified_1789.xvg,0.000000,0.000000
dhdl_modified_1790.xvg,0.000000,0.000000
dhdl_modified_1791.xvg,0.000000,0.000000
dhdl_modified_1792.xvg,0.000000,0.000000
dhdl_modified_1793.xvg,0.000000,0.000000
dhdl_modified_1794.xvg,0.000000,0.000000
dhdl_modified_1795.xvg,0.000000,0.000000
dhdl_modified_1796.xvg,0.000000,0.000000
dhdl_modified_1797.xvg,0.000000,0.000000
dhdl_modified_1798.xvg,0.000000,0.000000
dhdl_modified_1799.xvg,0.000000,0.000000
dhdl_modified_1800.xvg,0.000000,0.000000
dhdl_modified_1801.xvg,0.000000,0.000000
dhdl_modified_1802.xvg,0.000000,0.000000
dhdl_modified_1803.xvg,0.000000,0.000000
dhdl_modified_1804.xvg,0.000000,0.000000
dhdl_modified_1805.xvg,0.000000,0.000000
dhdl_modified_1806.xvg,0.000000,0.000000
dhdl_modified_1807.xvg,0.000000,0.000000
dhdl_modified_1808.xvg,0.000000,0.000000
dhdl_modified_1809.xvg,0.000000,0.000000
dhdl_modified_1810.xvg,0.000000,0.000000
dhdl_modified_1811.xvg,0.000000,0.000000
dhdl_modified_1812.xvg,0.000000,0.000000
dhdl_modified_1813.xvg,0.000000,0.000000
dhdl_modified_1814.xvg,0.000000,0.000000
dhdl_modified_1815.xvg,0.000000,0.000000
dhdl_modified_1816.xvg,0.000000,0.000000
dhdl_modified_1817.xvg,0.000000,0.000000
dhdl_modified_1818.xvg,0.000000,0.000000
dhdl_modified_1819.xvg,0.000000,0.000000
dhdl_modified_1820.xvg,0.000000,0.000000
dhdl_modified_1821.xvg,0.000000,0.000000
dhdl_modified_1822.xvg,0.000000,0.000000
dhdl_modified_1823.xvg,0.000000,0.000000
dhdl_modified_1824.xvg,0.000000,0.000000
dhdl_modified_1825.xvg,0.000000,0.000000
dhdl_modified_1826.xvg,0.000000,0.000000
dhdl_modified_1827.xvg,0.000000,0.000000
dhdl_modified_1828.xvg,0.000000,0.000000
dhdl_modified_1829.xvg,0.000000,0.000000
dhdl_modified_1830.xvg,0.000000,0.000000
dhdl_modified_1831.xvg,0.000000,0.000000
dhdl_modified_1832.xvg,0.000000,0.000000
dhdl_modified_1833.xvg,0.000000,0.000000
dhdl_modified_1834.xvg,0.000000,0.000000
dhdl_modified_1835.xvg,0.000000,0.000000
dhdl_modified_1836.xvg,0.000000,0.000000
dhdl_modified_1837.xvg,0.000000,0.000000
dhdl_modified_1838.xvg,0.000000,0.000000
dhdl_modified_1839.xvg,0.000000,0.000000
dhdl_modified_1840.xvg,0.000000,0.000000
dhdl_modified_1841.xvg,0.000000,0.000000
dhdl_modified_1842.xvg,0.000000,0.000000
dhdl_modified_1843.xvg,0.000000,0.000000
dhdl_modified_1844.xvg,0.000000,0.000000
dhdl_modified_1845.xvg,0.000000,0.000000
dhdl_modified_1846.xvg,0.000000,0.000000
dhdl_modified_1847.xvg,0.000000,0.000000
dhdl_modified_1848.xvg,0.000000,0.000000
dhdl_modified_1849.xvg,0.000000,0.000000
dhdl_modified_1850.xvg,0.000000,0.000000
dhdl_modified_1851.xvg,0.000000,0.000000
dhdl_modified_1852.xvg,0.000000,0.000000
dhdl_modified_1853.xvg,0.000000,0.000000
dhdl_modified_1854.xvg,0.000000,0.000000
dhdl_modified_1855.xvg,0.000000,0.000000
dhdl_modified_1856.xvg,0.000000,0.000000
dhdl_modified_1857.xvg,0.000000,0.000000
dhdl_modified_1858.xvg,0.000000,0.000000
dhdl_modified_1859.xvg,0.000000,0.000000
dhdl_modified_1860.xvg,0.000000,0.000000
dhdl_modified_1861.xvg,0.000000,0.000000
dhdl_modified_1862.xvg,0.000000,0.000000
dhdl_modified_1863.xvg,0.000000,0.000000
dhdl_modified_1864.xvg,0.000000,0.000000
dhdl_modified_1865.xvg,0.000000,0.000000
dhdl_modified_1866.xvg,0.000000,0.000000
dhdl_modified_1867.xvg,0.000000,0.000000
dhdl_modified_1868.xvg,0.000000,0.000000
dhdl_modified_1869.xvg,0.000000,0.000000
dhdl_modified_1870.xvg,0.000000,0.000000
dhdl_modified_1871.xvg,0.000000,0.000000
dhdl_modified_1872.xvg,0.000000,0.000000
dhdl_modified_1873.xvg,0.000000,0.000000
dhdl_modified_1874.xvg,0.000000,0.000000
dhdl_modified_1875.xvg,0.000000,0.000000
dhdl_modified_1876.xvg,0.000000,0.000000
dhdl_modified_1877.xvg,0.000000,0.000000
dhdl_modified_1878.xvg,0.000000,0.000000
dhdl_modified_1879.xvg,0.000000,0.000000
dhdl_modified_1880.xvg,0.000000,0.000000
dhdl_modified_1881.xvg,0.000000,0.000000
dhdl_modified_1882.xvg,0.000000,0.000000
dhdl_modified_1883.xvg,0.000000,0.000000
dhdl_modified_1884.xvg,0.000000,0.000000
dhdl_modified_1885.xvg,0.000000,0.000000
dhdl_modified_1886.xvg,0.000000,0.000000
dhdl_modified_1887.xvg,0.000000,0.000000
dhdl_modified_1888.xvg,0.000000,0.000000
dhdl_modified_1889.xvg,0.000000,0.000000
dhdl_modified_1890.xvg,0.000000,0.000000
dhdl_modified_1891.xvg,0.000000,0.000000
dhdl_modified_1892.xvg,0.000000,0.000000
dhdl_modified_1893.xvg,0.000000,0.000000
dhdl_modified_1894.xvg,0.000000,0.000000
dhdl_modified_1895.xvg,0.000000,0.000000
dhdl_modified_1896.xvg,0.000000,0.000000
dhdl_modified_1897.xvg,0.000000,0.000000
dhdl_modified_1898.xvg,0.000000,0.000000
dhdl_modified_1899.xvg,0.000000,0.000000
dhdl_modified_1900.xvg,0.000000,0.000000
dhdl_modified_1901.xvg,0.000000,0.000000
dhdl_modified_1902.xvg,0.000000,0.000000
dhdl_modified_1903.xvg,0.000000,0.000000
dhdl_modified_1904.xvg,0.000000,0.000000
dhdl_modified_1905.xvg,0.000000,0.000000
dhdl_modified_1906.xvg,0.000000,0.000000
dhdl_modified_1907.xvg,0.000000,0.000000
dhdl_modified_1908.xvg,0.000000,0.000000
dhdl_modified_1909.xvg,0.000000,0.000000
dhdl_modified_1910.xvg,0.000000,0.000000
dhdl_modified_1911.xvg,0.000000,0.000000
dhdl_modified_1912.xvg,0.000000,0.000000
dhdl_modified_1913.xvg,0.000000,0.000000
dhdl_modified_1914.xvg,0.000000,0.000000
dhdl_modified_1915.xvg,0.000000,0.000000
dhdl_modified_1916.xvg,0.000000,0.000000
dhdl_modified_1917.xvg,0.000000,0.000000
dhdl_modified_1918.xvg,0.000000,0.000000
dhdl_modified_1919.xvg,0.000000,0.000000
dhdl_modified_1920.xvg,0.000000,0.000000
dhdl_modified_1921.xvg,0.000000,0.000000
dhdl_modified_1922.xvg,0.000000,0.000000
dhdl_modified_1923.xvg,0.000000,0.000000
dhdl_modified_1924.xvg,0.000000,0.000000
dhdl_modified_1925.xvg,0.000000,0.000000
dhdl_modified_1926.xvg,0.000000,0.000000
dhdl_modified_1927.xvg,0.000000,0.000000
dhdl_modified_1928.xvg,0.000000,0.000000
dhdl_modified_1929.xvg,0.000000,0.000000
dhdl_modified_1930.xvg,0.000000,0.000000
dhdl_modified_1931.xvg,0.000000,0.000000
dhdl_modified_1932.xvg,0.000000,0.000000
dhdl_modified_1933.xvg,0.000000,0.000000
dhdl_modified_1934.xvg,0.000000,0.000000
dhdl_modified_1935.xvg,0.000000,0.000000
dhdl_modified_1936.xvg,0.000000,0.000000
dhdl_modified_1937.xvg,0.000000,0.000000
dhdl_modified_1938.xvg,0.000000,0.000000
dhdl_modified_1939.xvg,0.000000,0.000000
dhdl_modified_1940.xvg,0.000000,0.000000
dhdl_modified_1941.xvg,0.000000,0.000000
dhdl_modified_1942.xvg,0.000000,0.000000
dhdl_modified_1943.xvg,0.000000,0.000000
dhdl_modified_1944.xvg,0.000000,0.000000
dhdl_modified_1945.xvg,0.000000,0.000000
dhdl_modified_1946.xvg,0.000000,0.000000
dhdl_modified_1947.xvg,0.000000,0.000000
dhdl_modified_1948.xvg,0.000000,0.000000
dhdl_modified_1949.xvg,0.000000,0.000000
dhdl_modified_1950.xvg,0.000000,0.000000
dhdl_modified_1951.xvg,0.000000,0.000000
dhdl_modified_1952.xvg,0.000000,0.000000
dhdl_modified_1953.xvg,0.000000,0.000000
dhdl_modified_1954.xvg,0.000000,0.000000
dhdl_modified_1955.xvg,0.000000,0.000000
dhdl_modified_1956.xvg,0.000000,0.000000
dhdl_modified_1957.xvg,0.000000,0.000000
dhdl_modified_1958.xvg,0.000000,0.000000
dhdl_modified_1959.xvg,0.000000,0.000000
dhdl_modified_1960.xvg,0.000000,0.000000
dhdl_modified_1961.xvg,0.000000,0.000000
dhdl_modified_1962.xvg,0.000000,0.000000
dhdl_modified_1963.xvg,0.000000,0.000000
dhdl_modified_1964.xvg,0.000000,0.000000
dhdl_modified_1965.xvg,0.000000,0.000000
dhdl_modified_1966.xvg,0.000000,0.000000
dhdl_modified_1967.xvg,0.000000,0.000000
dhdl_modified_1968.xvg,0.000000,0.000000
dhdl_modified_1969.xvg,0.000000,0.000000
dhdl_modified_1970.xvg,0.000000,0.000000
dhdl_modified_1971.xvg,0.000000,0.000000
dhdl_modified_1972.xvg,0.000000,0.000000
dhdl_modified_1973.xvg,0.000000,0.000000
dhdl_modified_1974.xvg,0.000000,0.000000
dhdl_modified_1975.xvg,0.000000,0.000000
dhdl_modified_1976.xvg,0.000000,0.000000
dhdl_modified_1977.xvg,0.000000,0.000000
dhdl_modified_1978.xvg,0.000000,0.000000
dhdl_modified_1979.xvg,0.000000,0.000000
dhdl_modified_1980.xvg,0.000000,0.000000
dhdl_modified_1981.xvg,0.000000,0.000000
dhdl_modified_1982.xvg,0.000000,0.000000
dhdl_modified_1983.xvg,0.000000,0.000000
dhdl_modified_1984.xvg,0.000000,0.000000
dhdl_modified_1985.xvg,0.000000,0.000000
dhdl_modified_1986.xvg,0.000000,0.000000
dhdl_modified_1987.xvg,0.000000,0.000000
dhdl_modified_1988.xvg,0.000000,0.000000
dhdl_modified_1989.xvg,0.000000,0.000000
dhdl_modified_1990.xvg,0.000000,0.000000
dhdl_modified_1991.xvg,0.000000,0.000000
dhdl_modified_1992.xvg,0.000000,0.000000
dhdl_modified_1993.xvg,0.000000,0.000000
dhdl_modified_1994.xvg,0.000000,0.000000
dhdl_modified_1995.xvg,0.000000,0.000000
dhdl_modified_1996.xvg,0.000000,0.000000
dhdl_modified_1997.xvg,0.000000,0.000000
dhdl_modified_1998.xvg,0.000000,0.000000
dhdl_modified_1999.xvg,0.000000,0.000000
